id,nome,descricao,preco,preco_anterior,destaque,marca,peso,unidade,categoria,imagem,favorito,codigo,aliases,imagem_fonte,venda,ativo
"1","Pão Tradicional com Gergelim","Pão sem glúten e sem lactose, com textura suave e finalizado com gergelim.","28.9","","false","Pão de Liz","500 g","1 unidade","Pães","https://paodeliz.com/wp-content/uploads/2026/02/2025_Imagem_ficha-Pao_Tradicional-600x900.png","true",,"[]",,"{}","true"
"2","Pão de Limão Siciliano","Pão artesanal de sabor cítrico, sem glúten e sem lactose.","28.9","","false","Pão de Liz","500 g","1 unidade","Pães","https://paodeliz.com/wp-content/uploads/2026/02/2025_Imagem_ficha-Pao_-Lima%CC%83o-600x900.png","true",,"[]",,"{}","true"
"3","Pão de Nozes com Castanha-do-Pará","Pão artesanal com pedaços de nozes e castanha-do-Pará, sem glúten e sem lactose.","28.9","","false","Pão de Liz","500 g","1 unidade","Pães","https://paodeliz.com/wp-content/uploads/2026/02/2025_Imagem_ficha-Pao_Nozes-600x900.png","true",,"[]",,"{}","true"
"4","Pão de Alecrim","Pão artesanal com delicada mistura de azeite e alecrim, sem glúten e sem lactose.","28.9","","false","Pão de Liz","500 g","1 unidade","Pães","https://paodeliz.com/wp-content/uploads/2026/02/2025_Imagem_ficha-Pao_Alecrim-600x900.png","true",,"[]",,"{}","true"
"5","Pão de Linhaça com Chia","Pão artesanal com linhaça e chia, sem glúten e sem lactose.","","","false","Pão de Liz","500 g","1 unidade","Pães","https://paodeliz.com/wp-content/uploads/2026/02/2025_Imagem_ficha-Pao_Linhac%CC%A7a-600x900.png","true",,"[]",,"{}","true"
"6","Muffin de Cacau Vegano","Muffin de cacau vegano e sem glúten.","25.9","","false","Pão de Liz","160 g","1 embalagem","Snacks","https://paodeliz.com/wp-content/uploads/2026/02/Imagem_Ficha-Muffin_de_Cacau-1-600x900.png","false",,"[]",,"{}","true"
"7","Muffin de Frango, Milho e Cenoura","Muffin salgado de frango, milho e cenoura.","27.9","","false","Pão de Liz","200 g","1 embalagem","Snacks","https://paodeliz.com/wp-content/uploads/2026/02/Imagem_Ficha-Muffin_de_Frango-600x900.png","false",,"[]",,"{}","true"
"8","Muffin de Chocolate","Muffin de chocolate da linha Pão de Liz.","23.9","","false","Pão de Liz","140 g","1 embalagem","Snacks","https://paodeliz.com/wp-content/uploads/2026/02/Imagem_Ficha-Muffin_de_Chocolate-600x900.png","false",,"[]",,"{}","true"
"9","Muffin de Banana","Muffin de banana da linha Pão de Liz.","23.9","","false","Pão de Liz","160 g","1 embalagem","Snacks","https://paodeliz.com/wp-content/uploads/2026/02/Imagem_Ficha-Muffin_de_Banana-600x900.png","false",,"[]",,"{}","true"
"10","Muffin de Coco com Chocolate Branco Low Carb","Muffin de coco com chocolate branco, da linha low carb Pão de Liz.","26.9","","false","Pão de Liz","160 g","1 embalagem","Snacks","https://paodeliz.com/wp-content/uploads/2026/02/Imagem_Ficha-Muffin_de_Coco-600x900.png","false",,"[]",,"{}","true"
"11","Torta de Maçã","Torta de maçã artesanal Pão de Liz.","32","","false","Pão de Liz","200 g","1 unidade","Produtos de prateleira","https://paodeliz.com/wp-content/uploads/2026/02/Imagem_Ficha-Torta_de_maca-1-600x900.png","false",,"[]",,"{}","true"
"12","Torta de Palmito","Torta de palmito artesanal, sem glúten e sem lactose.","28.9","","false","Pão de Liz","200 g","1 unidade","Produtos de prateleira","https://paodeliz.com/wp-content/uploads/2020/03/torta-palmito-02-600x900.jpg","false",,"[]",,"{}","true"
"13","Pão Francês com Sementes","Pão sem glúten com sementes, ideal para o café da manhã e lanches.","27.9","","false","NuttriPänni","350 g","5 unidades","Pães","assets/img/produtos/ajustes/pao-frances-com-sementes.jpg","true",,"[]",,"{}","true"
"14","Pão de Queijo com Goiabada","Pão de queijo com recheio de goiabada.","28.9","","false","Minasbread","300 g","","Pães","assets/img/produtos/ajustes/pao-de-queijo-com-goiabada.jpeg","true",,"[]",,"{}","true"
"15","Pão de Hot Dog sem Glúten","Pão para hot dog sem glúten.","24.9","","false","Bee Gluten Free","125 g","2 unidades","Pães","assets/img/produtos/ajustes/pao-de-hot-dog-sem-gluten.jpg","true",,"[]",,"{}","true"
"16","Bisnaguinha","Bisnaguinha sem glúten.","24.9","","false","Bee Gluten Free","150 g","","Pães","https://emporioquatroestrelas.vteximg.com.br/arquivos/ids/236853-1000-1000/Bisnaguinha-125g-Bee-Gluten-Free.jpg?v=639064156649400000","true",,"[]",,"{}","true"
"17","Pão de Hambúrguer","Pão de hambúrguer sem glúten.","24.9","","false","Bee Gluten Free","125 g","2 unidades","Pães","https://cdn.awsli.com.br/2500x2500/2566/2566099/produto/316659241/whatsapp-image-2025-09-04-at-13-00-54--3--n77v1lxsng.jpeg","true",,"[]",,"{}","true"
"18","Pãozinho de Cebola","Pãozinho de cebola sem glúten, sem lactose e sem proteína do leite.","23.9","","false","Belive","200 g","aprox. 9 unidades","Pães","https://belivebefree.com.br/wp-content/uploads/2025/03/pao-de-cebola-sem-gluten-sem-leite-sem-lactose-belive.webp","true",,"[]",,"{}","true"
"19","Pãozinho de Cenoura","Pãozinho de cenoura sem glúten, zero lactose e sem proteína do leite.","27.9","","false","Belive","200 g","aprox. 8 unidades","Pães","https://belivebefree.com.br/wp-content/uploads/2026/05/pao-de-cenoura-sem-gluten-sem-leite-zero-lactose-belive-1.webp","true",,"[]",,"{}","true"
"20","Pão Sírio Tipo Pita","Pão sírio tipo pita sem glúten.","24","","false","Casa Rigani","200 g","4 unidades","Pães","https://www.thfood.com.br/media/catalog/product/cache/1/image/9df78eab33525d08d6e5fb8d27136e95/I/M/IMG_1949.jpg","true",,"[]",,"{}","true"
"21","Wrap sem Glúten","Massa para wrap sem glúten.","33.9","","false","Casa Rigani","220 g","6 unidades","Produtos de prateleira","https://images.tcdn.com.br/img/img_prod/1025031/wrap_casa_rigani_240g_sem_gluten_ovos_soja_leite_e_vegano_691_1_e950a5c368ec9a36c5917fcac2a6415a.png","false",,"[]",,"{}","true"
"22","Wrap de Tapioca Original","Wrap de tapioca sem glúten.","10.9","","false","Da Terrinha","150 g","5 unidades","Produtos de prateleira","https://www.comercialsouzaatacado.com.br/media/catalog/product/cache/1/image/800x/17f82f742ffe127f42dca9de82fb58b1/0/5/05281001901_2.jpg","false",,"[]",,"{}","true"
"23","Chips de Batata-Doce com Sal Rosa do Himalaia","Chips de batata-doce temperados com sal rosa do Himalaia.","9.9","","false","Belive","50 g","","Snacks","https://images.tcdn.com.br/img/img_prod/1061514/chips_de_batata_doce_original_40g_nazinha_10504_1_1ea5792649ecad6be8ee3b2f12f2c3fb.png","false",,"[]",,"{}","true"
"24","Chips de Mandioca com Chimi Churri","Chips de mandioca temperados com Chimi Churri.","9.99","","false","Belive","50 g","","Snacks","https://images.tcdn.com.br/img/img_prod/1221015/belive_chips_mandioca_sabor_chimichurri_s_glt_50g_1221_1_cdeb03a95a755c6dad072ce7b4ae73e2.jpg","false",,"[]",,"{}","true"
"25","Chips de Mandioca com Lemon Pepper","Chips de mandioca temperados com Lemon Pepper.","9.99","","false","Belive","50 g","","Snacks","https://belivebefree.com.br/wp-content/uploads/2021/03/chips-de-mandioca-sem-gluten-belive-temperados-com-lemon-pepper1.webp","false",,"[]",,"{}","true"
"26","Chips de Batata-Doce Sweet Chilli","Chips de batata-doce temperados com Sweet Chilli.","9.99","","false","Belive","50 g","","Snacks","https://belivebefree.com.br/wp-content/uploads/2026/05/chips-de-batata-doce-sem-gluten-belive-sabor-sweet-chilli-belive-1-600x600.webp","false",,"[]",,"{}","true"
"27","Chips de Batata-Doce com Azeite e Manjericão","Chips de batata-doce com azeite e manjericão.","9.9","","false","Roots To Go","45 g","","Snacks","http://www.rootstogo.com.br/cdn/shop/products/ChipsdeBatata-DoceAzeiteeManjericao45g1_grande.png?v=1617128452","false",,"[]",,"{}","true"
"28","Chips de Batata Roxa com Gergelim Branco","Chips de batata roxa com gergelim branco.","19.9","","false","Tâmara","30 g","","Snacks","http://acdn-us.mitiendanube.com/stores/003/171/621/products/frame-17-21-0ff7ba226ebc87aae616860732705266-640-0.webp","false",,"[]",,"{}","true"
"29","Chips de Batata-Doce","Chips de batata-doce.","19.9","","false","Tâmara","30 g","","Snacks","assets/img/produtos/ajustes/chips-de-batata-doce.png","false",,"[]",,"{}","true"
"30","Canjica de Milho com Sal Marinho","Canjica de milho crocante com sal marinho.","6.9","","false","Okoshi","40 g","","Snacks","https://images.tcdn.com.br/img/img_prod/802618/canjica_de_milho_com_sal_marinho_40g_3_1_2be38bb0d776b41e4e88c055e6bb90ea.png","false",,"[]",,"{}","true"
"31","Salgadinho de Requeijão com Milho e Quinoa","Snack de milho com sabor requeijão.","5.9","","false","Belive","25 g","","Snacks","https://belivebefree.com.br/wp-content/uploads/2020/11/salgadinho-de-requeijao-sem-gluten-sem-leite-com-vitaminas-belive-1.webp","false",,"[]",,"{}","true"
"32","Cookies Baunilha & Chocolate Zero Açúcar","Cookies de baunilha e chocolate sem adição de açúcar.","9.9","","false","Belive","67 g","","Snacks","https://consultaprodutos.com.br/assets/produtos/7898380412291.webp","false",,"[]",,"{}","true"
"33","Wafer Cappuccino","Wafer proteico sabor cappuccino.","8.9","","false","Latamprotein","25 g","1 unidade","Snacks","https://cdn.shoppub.io/cdn-cgi/image/w=1000,h=1000,q=80,f=auto/lojalatamfit/media/uploads/produtos/foto/phbufoyu/lp-barra-wafer-cappuccino.png","false",,"[]",,"{}","true"
"34","Wafer Creme de Avelã","Wafer proteico sabor creme de avelã.","8.9","","false","Latamprotein","25 g","1 unidade","Snacks","https://cdn.shoppub.io/cdn-cgi/image/w=1000,h=1000,q=80,f=auto/lojalatamfit/media/uploads/produtos/foto/agpxlhlx/lp-wafer-avela-1.png","false",,"[]",,"{}","true"
"35","Bacio di Latte Pistacchio","Produto proteico sabor pistache.","15.9","","false","Nutrata","","1 unidade","Snacks","https://images.tcdn.com.br/img/img_prod/1305881/nutrata_bacio_di_latte_40g_display_com_12_barras_1_20260715115114_6f17cb0d75d8.jpg","false",,"[]",,"{}","true"
"36","Bacio di Latte Caramello Salgado","Produto proteico sabor caramelo salgado.","13.9","","false","Nutrata","","1 unidade","Snacks","https://images.tcdn.com.br/img/img_prod/1305881/nutrata_bacio_di_latte_45gr_display_c12_barras_s_1_20251110120010_47ab6aaae759.png","false",,"[]",,"{}","true"
"37","Havanna Legítimo Dulce de Leche","Produto proteico sabor dulce de leche.","14","","false","Nutrata","","1 unidade","Snacks","https://www.drogasil.com.br/_next/image?url=https%3A%2F%2Fproduct-data.raiadrogasil.io%2Fimages%2F17309860.webp&w=828&q=75","false",,"[]",,"{}","true"
"38","Havanna Brownie de Chocolate e Dulce de Leche","Produto proteico sabor brownie de chocolate e dulce de leche.","19.9","","false","Nutrata","","1 unidade","Snacks","https://http2.mlstatic.com/D_NQ_NP_2X_888036-MLB113388099136_072026-F-nutrata-havanna-browniedoce-de-leite-11g-proteina-40g-12un.webp","false",,"[]",,"{}","true"
"39","Protein Crisp Ovomaltine","Barra proteica sabor Ovomaltine.","12.9","","false","Integralmédica","45 g","1 unidade","Barras proteicas","https://cdn.shopify.com/s/files/1/0742/9632/8446/files/protein-crisp-bar-ovomaltine-unidade-8773590.png?v=1778532129","false",,"[]",,"{}","true"
"40","Protein Max Chocolate & Nibs","Barra proteica com chocolate e nibs.","19","","false","Austrália","","1 unidade","Barras proteicas","https://storetheme.vtexassets.com/unsafe/800x800/center/middle/https%3A%2F%2Fsantaluzia.vtexassets.com%2Farquivos%2Fids%2F1005943%2F3030490.png%3Fv%3D639066075750130000","false",,"[]",,"{}","true"
"41","Choco Wheyfer Chocolate com Avelã","Wheyfer proteico sabor chocolate com avelã.","9.9","","false","+Mu","25 g","1 unidade","Snacks","https://acdn-us.mitiendanube.com/stores/005/697/238/products/01-claim_proteina-yk11jp4dw2-76b8f8a4e4e4f80ab817455294026936-1024-1024.webp","false",,"[]",,"{}","true"
"42","Choco Wheyfer Cookies'n Cream","Wheyfer proteico sabor cookies'n cream.","9.9","","false","+Mu","25 g","1 unidade","Snacks","https://acdn-us.mitiendanube.com/stores/005/697/238/products/01-claim_proteina-1-68u52zgtrr-c2865b714263b24b6a17455293640168-1024-1024.webp","false",,"[]",,"{}","true"
"43","100% Whey Cookies","Whey protein monodose sabor cookies.","12","","false","Topway","35 g","1 sachê","Produtos de prateleira","http://dcdn-us.mitiendanube.com/stores/007/563/993/products/whey100-monodose-35g-hcgw-81c9833718f5459a7817857891589366-640-0.webp","false",,"[]",,"{}","true"
"44","100% Whey Coco com Baunilha","Whey protein monodose sabor coco com baunilha.","12","","false","Topway","35 g","1 sachê","Produtos de prateleira","https://static.wixstatic.com/media/068dc8_2dbcc966b92b4d64b564fe244b1cd0f1~mv2.jpg/v1/fit/w_500%2Ch_500%2Cq_90/file.jpg","false",,"[]",,"{}","true"
"45","100% Whey Torta de Limão","Whey protein monodose sabor torta de limão.","12","","false","Topway","35 g","1 sachê","Produtos de prateleira","https://images.tcdn.com.br/img/img_prod/1316500/sache_whey_protein_topway_100_35g_torta_de_limao_3385_1_a63b8ab390cc5e142aefcaf38200055d.png","false",,"[]",,"{}","true"
"46","100% Whey Banoffee","Whey protein monodose sabor banoffee.","12","","false","Topway","35 g","1 sachê","Produtos de prateleira","https://cdn.awsli.com.br/800x800/2404/2404599/produto/365674617/747854-1-x2iftwu1u4.webp","false",,"[]",,"{}","true"
"47","100% Whey Chocolate com Avelã","Whey protein monodose sabor chocolate com avelã.","12","","false","Topway","35 g","1 sachê","Produtos de prateleira","https://io.convertiez.com.br/m/drogalider/shop/products/images/40719/large/whey-topway-100-chocolate-com-avela-sache-35g_32574.png","false",,"[]",,"{}","true"
"48","Paçoquinha Zero Adição de Açúcares","Paçoquinha sem adição de açúcares.","5","","false","Airon","17 g","1 unidade","Snacks","https://img.irroba.com.br/fit-in/600x600/filters:format(webp):fill(fff):quality(80)/aironcom/catalog/pacoca-individual-quadrada-1000x1000px.jpg","false",,"[]",,"{}","true"
"49","Cocada com Abacaxi","Cocada sabor abacaxi.","4.9","","false","Latam Fit","","1 unidade","Snacks","https://cdn.shoppub.io/cdn-cgi/image/w=1000,h=1000,q=80,f=auto/lojalatamfit/media/uploads/produtos/foto/ubzekved/pk-banana-com-choco.png","false",,"[]",,"{}","true"
"50","Nuts & Fruits Cranberry","Mix de nuts e frutas com cranberry.","5","","false","Latam Fit","25 g","1 unidade","Snacks","https://cdn.shoppub.io/cdn-cgi/image/w=1000,h=1000,q=80,f=auto/lojalatamfit/media/uploads/produtos/foto/ubzekved/pk-banana-com-choco.png","false",,"[]",,"{}","true"
"51","Goiabinha Cremosa Zero","Goiabinha cremosa sem adição de açúcar.","3.9","","false","Latam Fit","22 g","1 unidade","Snacks","https://cdn.shoppub.io/cdn-cgi/image/w=1000,h=1000,q=80,f=auto/lojalatamfit/media/uploads/produtos/foto/yelnegzp/9d740dce-afba-447b-9f00-7381bf853525.png","false",,"[]",,"{}","true"
"52","Protein Pão de Mel","Produto proteico sabor pão de mel.","11","","false","Topway","45 g","1 unidade","Barras proteicas","https://dcdn-us.mitiendanube.com/stores/007/563/993/products/protein-pao-de-mel-unidade-scuw-2216d0e2a95cc71f6e17857890828152-1024-1024.webp","false",,"[]",,"{}","true"
"53","Best Whey Cookies & Cream","Produto proteico sabor cookies & cream.","14.9","","false","Atlhetica Nutrition","49 g","1 unidade","Barras proteicas","https://www.drogarianovaesperanca.com.br/imagens-complete/1000x1000/barra-best-whey-cookies-cream-com-12g-e8990d5a26.jpg","false",,"[]",,"{}","true"
"54","Water Timber's Zero Pistache","Bebida zero sabor pistache.","6.9","","false","Lacielle","324 g","12 unidades","Bebidas","https://http2.mlstatic.com/D_NQ_NP_2X_719089-MLA99803362037_112025-F.webp","false",,"[]",,"{}","true"
"55","Mel Flores Silvestres","Mel de flores silvestres em sachês.","6.9","","false","Apiário Santo Antonio","35 g","10 sachês","Mel e Própolis","https://images.tcdn.com.br/img/img_prod/584955/mel_de_flores_silvestres_em_sache_35g_211_1_9539578ead450413390f3e056f622845.jpg","false",,"[]",,"{}","true"
"56","Mel & Alho","Mel combinado com alho.","19.9","","false","Apiário Santo Antonio","160 g","1 pote","Mel e Própolis","assets/img/produtos/ajustes/mel-alho.jpg","false",,"[]",,"{}","true"
"57","Verdprópolis — Extrato de Própolis Verde","Extrato de própolis verde.","48.9","","false","Fauna & Flora","30 ml","1 frasco","Mel e Própolis","https://www.faunaeflora.com.br/cdn/shop/files/propolis-alecrim-do-campo-15.webp?v=1778179531&width=713","false",,"[]",,"{}","true"
"58","Redprópolis — Extrato de Própolis Vermelho","Extrato de própolis vermelho.","55.9","","false","Fauna & Flora","30 ml","1 frasco","Mel e Própolis","https://www.faunaeflora.com.br/cdn/shop/files/red-propolis-rabo-de-bugio-15.webp?v=1778181017&width=713","false",,"[]",,"{}","true"
"59","Extrato de Própolis Glicólico","Extrato de própolis verde sem álcool.","43.9","","false","Apiário Santo Antonio","30 ml","1 frasco","Mel e Própolis","https://images.tcdn.com.br/img/img_prod/584955/extrato_de_propolis_verde_em_solucao_glicolica_30ml_299_1_0887eac5ce13c4133457288099fab20e.jpg","false",,"[]",,"{}","true"
"60","Spray de Mel com Própolis, Romã e Gengibre","Spray à base de mel com extratos de própolis, romã e gengibre.","16.9","","false","Apiário Santo Antonio","","1 frasco","Mel e Própolis","https://images.tcdn.com.br/img/img_prod/584955/spray_composto_de_mel_com_extrato_de_propolis_extrato_fluido_de_roma_e_gengibre_em_frasco_pet_ambar__429_1_f57e529ebf4b87b3d147139aaebc41d3.jpg","false",,"[]",,"{}","true"
"61","Óleo de Linhaça","Suplemento de óleo de linhaça com ômega 3-6-9.","60.9","","false","Chamed","1000 mg","100 cápsulas","Produtos de prateleira","https://http2.mlstatic.com/D_NQ_NP_2X_647596-MLB46783522215_072021-F-oleo-de-linhaca-1000-mg-100-capsulas--chamed.webp","false",,"[]",,"{}","true"
"62","Chlorella","Suplemento alimentar de chlorella em cápsulas.","54.9","","false","Chamed","500 mg","100 cápsulas","Produtos de prateleira","https://product-data.raiadrogasil.io/images/16785923.webp","false",,"[]",,"{}","true"
"63","Tâmara com Colágeno","Tâmara com chocolate meio amargo, proteína e colágeno Verisol.","13.9","","false","Nature Foodtech","","12 unidades","Snacks","https://http2.mlstatic.com/D_NQ_NP_2X_629389-MLA107404073562_032026-F-barrinhas-de-tamara-com-colageno-verisol-12-un-nature-food.webp","false",,"[]",,"{}","true"
"64","Mulungu","Suplemento de mulungu em cápsulas.","29.99","","false","Fitogreen","500 mg","60 cápsulas","Produtos de prateleira","https://images.tcdn.com.br/img/img_prod/971897/mulungu_em_cpsula_500mg_60caps_ninho_verde_1_20260303153558_b71506d145d1.jpg","false",,"[]",,"{}","true"
"65","Gummy Original AIR Zero","Gummy sabor tutti-frutti para cabelo, pele e unhas.","151.9","","false","Gummy Original","","60 unidades","Produtos de prateleira","https://http2.mlstatic.com/D_NQ_NP_2X_664270-MLA99936158267_112025-F.webp","false",,"[]",,"{}","true"
"66","Gummy Original AIR Maçã Verde","Gummy sabor maçã verde para cabelo, pele e unhas.","149.9","","false","Gummy Original","","60 unidades","Produtos de prateleira","https://http2.mlstatic.com/D_NQ_NP_2X_631962-MLB113559279475_062026-F.webp","false",,"[]",,"{}","true"
"67","Gummy Original Apple Vinegar","Gummy de vinagre de maçã sabor cereja.","110","","false","Gummy Original","","60 unidades","Produtos de prateleira","https://http2.mlstatic.com/D_NQ_NP_2X_652370-MLA96872765725_102025-F.webp","false",,"[]",,"{}","true"
"68","Gummy Original Hair One","Gummy para cabelo sabor cereja.","91","","false","Gummy Original","","60 unidades","Produtos de prateleira","https://http2.mlstatic.com/D_NQ_NP_2X_646990-MLA112779977842_062026-F.webp","false",,"[]",,"{}","true"
"69","Gengibre Cristalizado","Gengibre natural cristalizado.","15","","false","","200 g","1 embalagem","Snacks","https://casaperris.com/cdn/shop/files/2381_jengibre_cristal.jpg?v=1726484828","false",,"[]",,"{}","true"
"70","Amora","Suplemento de amora em cápsulas.","129.9","","false","","600 mg","100 cápsulas","Produtos de prateleira","https://images.tcdn.com.br/img/img_prod/745295/amora_600mg_100_capsulas_chamel_1257_1_df52613776be9d4dfe132de2eb67f26b.jpg","false",,"[]",,"{}","true"
"71","Bananinha sem Adição de Açúcar","Doce de banana sem adição de açúcar.","5.5","","false","Paraibuna","","1 unidade","Snacks","https://http2.mlstatic.com/D_NQ_NP_2X_829390-MLB110126899205_042026-F-bananinha-paraibuna-sem-acucar-vegana-460g-zero-natural.webp","false",,"[]",,"{}","true"
"72","Doce de Banana sem Adição de Açúcares","Doce de banana sem adição de açúcares.","5.9","","false","Tachão de Ubatuba","","1 unidade","Snacks","https://http2.mlstatic.com/D_NQ_NP_2X_965500-MLB93211948099_092025-F-doce-banana-zero-adicao-acucar-bananinha-cremosa-21-unidades.webp","false",,"[]",,"{}","true"
"73","Bananinha Coberta com Chocolate","Bananinha coberta com chocolate.","5.9","","false","Tachão de Ubatuba","","1 unidade","Chocolate","https://www.tachao.com.br/cdn/shop/files/tachaoubatuba_bananinhachocolate_200g_mockup.png?v=1725044431&width=600","false",,"[]",,"{}","true"
"74","Bananinha com Canela","Bananinha com canela.","4.5","","false","Tachão de Ubatuba","","1 unidade","Snacks","https://www.tachao.com.br/cdn/shop/files/tachaoubatuba_bananinhacanela_200g_mockup.png?v=1725044431&width=600","false",,"[]",,"{}","true"
"75","Doce de Banana com Açúcar e Canela","Doce de banana com açúcar e canela.","4.5","","false","Tachão de Ubatuba","","1 unidade","Snacks","https://www.tachao.com.br/cdn/shop/files/tachaoubatuba_bananinhacanela_200g_mockup.png?v=1725044431&width=600","false",,"[]",,"{}","true"
"76","Bisco Light Coco Branco com Pistache","Bisco Light Coco Branco com Pistache","37.9","","false","","150 g","1 unidade","Snacks","assets/img/produtos/ajustes/bisco-light-coco-branco-com-pistache.jpg","false","","[]",,"{}","true"
"77","Bisco Light Churros","Bisco Light Churros","37.9","","false","","150 g","1 unidade","Snacks","assets/img/produtos/ajustes/bisco-light-churros.jpg","false","","[]",,"{}","true"
"79","Stroopwafel Wafel Holandês","Stroopwafel Wafel Holandês","22.9","","false","","230 g","1 unidade","Snacks","https://http2.mlstatic.com/D_NQ_NP_2X_987597-MLB109355188421_032026-F-moinho-wafers-stroopwafel-biscoito-wafel-holandes-28g.webp","false","","[]",,"{}","true"
"80","Muma Biscoito de Arroz Chocolate Zero","Muma Biscoito de Arroz Chocolate Zero","17.9","","false","","60 g","1 unidade","Snacks","https://mumasnacks.com.br/cdn/shop/files/Muma_Frente_Arroz_Chocolate_Zero_1.png?v=1780503468&width=1200","false","","[]",,"{}","true"
"81","Muma Biscoito de Milho Mediterrâneo","Muma Biscoito de Milho Mediterrâneo","14.9","","false","","65 g","1 unidade","Snacks","https://mumasnacks.com.br/cdn/shop/files/Muma_Frente_Milho_Mediterraneo_sombra_5.png?v=1767952070&width=1200","false","","[]",,"{}","true"
"82","Muma Biscoito de Milho Ervas Finas e Azeite","Muma Biscoito de Milho Ervas Finas e Azeite","14.9","","false","","65 g","1 unidade","Snacks","https://mumasnacks.com.br/cdn/shop/files/Muma_Frente_Milho_Ervas_Finas_sombra_3.png?v=1767952234&width=1200","false","","[]",,"{}","true"
"83","Repeat Snack Alga Marinha Original","Repeat Snack Alga Marinha Original","9.9","","false","","5 g","1 unidade","Snacks","https://http2.mlstatic.com/D_NQ_NP_2X_919182-MLB104793039106_012026-F-snack-de-alga-marinha-original-5g-repeat.webp","false","","[]",,"{}","true"
"84","Biscoito Sembei","Biscoito Sembei","9.9","","false","","100 g","1 unidade","Snacks","assets/img/produtos/ajustes/biscoito-sembei.jpg","false","160","[]",,"{}","true"
"85","Biscoito Beliscão","Biscoito Beliscão","8.5","","false","","100 g","1 unidade","Snacks","https://produtosbitota.com.br/images/products/beliscao.png","false","187","[]",,"{}","true"
"86","Biscoito Banana e Canela","Biscoito Banana e Canela","11","","false","","100 g","1 unidade","Snacks","https://www.focoalternativo.com.br/uploads/media/Default/0001/14/4cebd98f1ed3d2ef8d6c11a34505b46028c6ec24.jpeg","false","137","[]",,"{}","true"
"87","Biscoito de Maracujá Vegano","Biscoito de Maracujá Vegano","12.9","","false","","100 g","1 unidade","Snacks","https://cdn.awsli.com.br/2500x2500/472/472611/produto/28544222/mockup-maracuj--xa4q8m92hx.png","false","653","[]",,"{}","true"
"88","Biscoito de Castanha de Pecã","Biscoito de Castanha de Pecã","16.9","","false","","100 g","1 unidade","Snacks","https://www.emporioquatroestrelas.com.br/media/catalog/product/b/i/biscoito_castanha_peca_100g.jpg","false","3084","[]",,"{}","true"
"89","Biscoito com Gotas de Chocolate 52%","Biscoito com Gotas de Chocolate 52%","17","","false","","100 g","1 unidade","Snacks","https://www.emporioquatroestrelas.com.br/media/catalog/product/b/i/biscoito_low_carb_gotas_chocolate_100g.jpg","false","3039","[]",,"{}","true"
"90","Biscoito Parmesão com Páprica e Cúrcuma","Biscoito Parmesão com Páprica e Cúrcuma","17","","false","","100 g","1 unidade","Snacks","https://www.emporioquatroestrelas.com.br/media/catalog/product/b/i/biscoito_low_carb_parmesao_paprica_curcuma_100g.jpg","false","84","[]",,"{}","true"
"91","Polvilho com Provolone","Polvilho com Provolone","11.9","","false","","100 g","1 unidade","Snacks","https://cdn.awsli.com.br/800x800/472/472611/produto/polvilho-provolone-100g.jpg","false","","[]",,"{}","true"
"92","Polvilho com Chia","Polvilho com Chia","11.9","","false","","100 g","1 unidade","Snacks","https://www.terracerealista.com.br/biscoitos-e-cookies/biscoito-de-polvilho-chia","false","","[]",,"{}","true"
"93","Polvilho com Cebola","Polvilho com Cebola","11.9","","false","","100 g","1 unidade","Snacks","https://www.martinsatacado.com.br/produto/biscoito-polvilho-cebola-100g-bombiscoito-bombiscoito_77","false","","[]",,"{}","true"
"94","Biscoito Polvilho Perfeito Pimenta e Limão","Biscoito Polvilho Perfeito Pimenta e Limão","18.9","","false","","80 g","1 unidade","Snacks","https://www.santaluzia.com.br/biscoito-de-polvilho-pimenta-e-limao-chef-di-serio--80g-3251489/p","false","","[]",,"{}","true"
"95","Provolone com Goiabada","Provolone com Goiabada","18","","false","","100 g","1 unidade","Snacks","https://emporiocristal.com.br/nossos-produtos/petiscos/provolone-com-goiabada-100g/","false","","[]",,"{}","true"
"96","Snack de Queijo Coalho","Snack de Queijo Coalho","18.99","","false","","100 g","1 unidade","Snacks","https://armazemgraosdocampo.com.br/produtos/snack-de-queijo-coalho-100g/","false","","[]",,"{}","true"
"97","Banana Chips Doce","Banana Chips Doce","8.59","","false","","100 g","1 unidade","Snacks","https://commons.wikimedia.org/wiki/Special:Redirect/file/Banana_chips.JPG","false","","[]",,"{}","true"
"98","Amendoim Japonês","Amendoim Japonês","3.5","","false","","100 g","1 unidade","Snacks","https://loja.santoantonioalimento.com/media/catalog/product/a/m/amendoim-japones-100g.jpg","false","","[]",,"{}","true"
"99","Amendoim Olhinho","Amendoim Olhinho","4.9","","false","","100 g","1 unidade","Snacks","https://www.bancadoramon.com.br/media/catalog/product/a/m/amendoim-olhinho-100g.jpg","false","","[]",,"{}","true"
"100","Mix Crocante","Mix Crocante","15.9","","false","","100 g","1 unidade","Snacks","https://cdn.awsli.com.br/800x800/472/472611/produto/mix-crocante.jpg","false","","[]",,"{}","true"
"101","Mix de Frutas Tropicais","Mix de Frutas Tropicais","21.9","","false","","100 g","1 unidade","Snacks","https://commons.wikimedia.org/wiki/Special:Redirect/file/Dried_fruits.jpg","false","80","[]",,"{}","true"
"102","Mix de Frutas Vermelhas","Mix de Frutas Vermelhas","16.9","","false","","100 g","1 unidade","Snacks","https://commons.wikimedia.org/wiki/Special:Redirect/file/Dried_fruit_mix.jpg","false","645","[]",,"{}","true"
"103","Damasco","Damasco","18.9","","false","","100 g","1 unidade","Snacks","https://commons.wikimedia.org/wiki/Special:Redirect/file/Apricot_(dried).jpg","false","48","[]",,"{}","true"
"105","Kiwi Desidratado","Kiwi Desidratado","11","","false","","100 g","1 unidade","Snacks","https://commons.wikimedia.org/wiki/Special:Redirect/file/Dried_kiwi_fruit_slices.jpg","false","58","[]",,"{}","true"
"106","Goji Berry","Goji Berry","9.9","","false","","100 g","1 unidade","Snacks","https://commons.wikimedia.org/wiki/Special:Redirect/file/Goji_dried_berries.jpg","false","56","[]",,"{}","true"
"107","Blueberry","Blueberry","26.9","","false","","100 g","1 unidade","Snacks","assets/img/produtos/bloco1/blueberry.jpg","false","35","[]",,"{}","true"
"108","Morango Glaceado","Morango Glaceado","14.9","","false","","100 g","1 unidade","Snacks","https://commons.wikimedia.org/wiki/Special:Redirect/file/Candied_strawberries.jpg","false","171","[]",,"{}","true"
"109","Cereja Desidratada","Cereja Desidratada","13.5","","false","","100 g","1 unidade","Snacks","https://commons.wikimedia.org/wiki/Special:Redirect/file/Dried_cherries.JPG","false","975","[]",,"{}","true"
"110","Abacaxi Desidratado","Abacaxi Desidratado","19.9","","false","","100 g","1 unidade","Snacks","https://commons.wikimedia.org/wiki/Special:Redirect/file/Dried_pineapple.JPG","false","3","[]",,"{}","true"
"111","Mamão Cristalizado","Mamão Cristalizado","12","","false","","100 g","1 unidade","Snacks","https://www.nozdobrasil.com.br/cdn/shop/files/mamao-cristalizado.jpg","false","61","[]",,"{}","true"
"112","Frutas Cristalizadas","Frutas Cristalizadas","3.9","","false","","100 g","1 unidade","Snacks","https://commons.wikimedia.org/wiki/Special:Redirect/file/Candied_fruit.jpg","false","53","[]",,"{}","true"
"113","Tâmara sem Caroço","Tâmara sem Caroço","5.9","","false","","100 g","1 unidade","Snacks","https://commons.wikimedia.org/wiki/Special:Redirect/file/Dried_dates.jpg","false","976","[]",,"{}","true"
"114","Tâmara Jumbo","Tâmara Jumbo","9.9","","false","","100 g","1 unidade","Snacks","https://commons.wikimedia.org/wiki/Special:Redirect/file/Dried_dates.jpg","false","95","[]",,"{}","true"
"115","Banana Passa","Banana Passa","6.5","","false","","100 g","1 unidade","Snacks","https://commons.wikimedia.org/wiki/Special:Redirect/file/Dried_banana.jpg","false","27","[]",,"{}","true"
"116","Mini Figo Turco","Mini Figo Turco","15","","false","","100 g","1 unidade","Snacks","https://commons.wikimedia.org/wiki/Special:Redirect/file/Dried_figs_(2).jpg","false","169","[]",,"{}","true"
"117","Figo Turco","Figo Turco","15.9","","false","","100 g","1 unidade","Snacks","https://commons.wikimedia.org/wiki/Special:Redirect/file/Dried_figs_(2).jpg","false","51","[]",,"{}","true"
"118","Banana Chips Salgada","Banana Chips Salgada","12","","false","","100 g","1 unidade","Snacks","https://commons.wikimedia.org/wiki/Special:Redirect/file/Banana_chips.JPG","false","26","[]",,"{}","true"
"119","Chips de Mandioca Premium","Chips de Mandioca Premium","18","","false","","100 g","1 unidade","Snacks","https://www.emporioquatroestrelas.com.br/media/catalog/product/c/h/chips_mandioca_100g.jpg","false","45","[]",,"{}","true"
"120","Chips de Kiwi","Chips de Kiwi","25","","false","","100 g","1 unidade","Snacks","https://commons.wikimedia.org/wiki/Special:Redirect/file/Dried_kiwi.jpg","false","674","[]",,"{}","true"
"121","Chips de Coco sem Açúcar","Chips de Coco sem Açúcar","10.9","","false","","100 g","1 unidade","Snacks","https://commons.wikimedia.org/wiki/Special:Redirect/file/Coconut_chips.jpg","false","195","[]",,"{}","true"
"122","Chips de Coco com Bordo","Chips de Coco com Bordo","12","","false","","100 g","1 unidade","Snacks","https://commons.wikimedia.org/wiki/Special:Redirect/file/Coconut_chips.jpg","false","06","[]",,"{}","true"
"123","Mix de Castanhas","Mix de Castanhas","19.9","","false","","100 g","1 unidade","Oleaginosas","https://commons.wikimedia.org/wiki/Special:Redirect/file/Raw_nuts.jpg","false","73","[]",,"{}","true"
"124","Amêndoa Laminada","Amêndoa Laminada","16.9","","false","","100 g","1 unidade","Oleaginosas","https://images.tcdn.com.br/img/img_prod/1161475/amendoa_laminada_100g_a_granel_61_1_1b4962b64bc79d049446dcf68557dd91.jpg","false","11","[]",,"{}","true"
"125","Macadâmia sem Sal","Macadâmia sem Sal","26","","false","","100 g","1 unidade","Oleaginosas","https://commons.wikimedia.org/wiki/Special:Redirect/file/Macadamia_nuts.jpg","false","63","[]",,"{}","true"
"126","Pistache com Casca","Pistache com Casca","20","","false","","100 g","1 unidade","Oleaginosas","https://commons.wikimedia.org/wiki/Special:Redirect/file/CSIRO_ScienceImage_3512_Pistachio_nuts.jpg","false","85","[]",,"{}","true"
"127","Pistache Inteiro sem Casca","Pistache Inteiro sem Casca","32","","false","","100 g","1 unidade","Oleaginosas","https://commons.wikimedia.org/wiki/Special:Redirect/file/CSIRO_ScienceImage_3512_Pistachio_nuts.jpg","false","86","[]",,"{}","true"
"128","Castanha do Pará Inteira","Castanha do Pará Inteira","21","","false","","100 g","1 unidade","Oleaginosas","https://commons.wikimedia.org/wiki/Special:Redirect/file/Brazil_nuts.jpg","false","43","[]",,"{}","true"
"129","Castanha do Pará Quebrada","Castanha do Pará Quebrada","14.9","","false","","100 g","1 unidade","Oleaginosas","https://commons.wikimedia.org/wiki/Special:Redirect/file/Brazil_nuts.jpg","false","44","[]",,"{}","true"
"130","Castanha de Caju Crua W1","Castanha de Caju Crua W1","13","","false","","100 g","1 unidade","Oleaginosas","https://commons.wikimedia.org/wiki/Special:Redirect/file/CASHEW_NUTS.jpg","false","37","[]",,"{}","true"
"131","Castanha de Caju Quebrada sem Sal","Castanha de Caju Quebrada sem Sal","10","","false","","100 g","1 unidade","Oleaginosas","assets/img/produtos/bloco1/castanha-caju-torrada.jpg","false","230","[]",,"{}","true"
"132","Castanha de Caju Assada sem Sal","Castanha de Caju Assada sem Sal","14","","false","","100 g","1 unidade","Oleaginosas","assets/img/produtos/bloco1/castanha-caju-assada.jpg","false","625","[]",,"{}","true"
"133","Castanha de Caju Torrada com Sal","Castanha de Caju Torrada com Sal","14","","false","","100 g","1 unidade","Oleaginosas","assets/img/produtos/bloco1/castanha-caju-torrada-com-sal.jpg","false","38","[]",,"{}","true"
"134","Castanha de Caju Torrada sem Sal","Castanha de Caju Torrada sem Sal","14","","false","","100 g","1 unidade","Oleaginosas","assets/img/produtos/bloco1/castanha-caju-torrada.jpg","false","40","[]",,"{}","true"
"135","Noz Pecan","Noz Pecan","19.9","","false","","100 g","1 unidade","Oleaginosas","https://commons.wikimedia.org/wiki/Special:Redirect/file/Pecans.jpg","false","81","[]",,"{}","true"
"136","Noz Quartilho","Noz Quartilho","9.9","","false","","100 g","1 unidade","Oleaginosas","https://commons.wikimedia.org/wiki/Special:Redirect/file/Walnuts_in_the_shell.jpg","false","620","[]",,"{}","true"
"137","Noz Quartz","Noz Quartz","10.5","","false","","100 g","1 unidade","Oleaginosas","https://commons.wikimedia.org/wiki/Special:Redirect/file/Walnuts.jpg","false","82","[]",,"{}","true"
"138","Noz Mariposa","Noz Mariposa","12.9","","false","","100 g","1 unidade","Oleaginosas","https://commons.wikimedia.org/wiki/Special:Redirect/file/Walnut_halves.jpg","false","119","[]",,"{}","true"
"139","Xerém de Amendoim","Xerém de Amendoim","3.9","","false","","100 g","1 unidade","Oleaginosas","https://commons.wikimedia.org/wiki/Special:Redirect/file/Crushed_peanuts.jpg","false","951","[]",,"{}","true"
"140","Amendoim Doce","Amendoim Doce","3.9","","false","","100 g","1 unidade","Oleaginosas","https://commons.wikimedia.org/wiki/Special:Redirect/file/Peanuts_and_lime.jpg","false","16","[]",,"{}","true"
"141","Amendoim Natural","Amendoim Natural","5.5","","false","","100 g","1 unidade","Oleaginosas","https://commons.wikimedia.org/wiki/Special:Redirect/file/Walnuts_pistachios_cashew_almonds.jpg","false","19","[]",,"{}","true"
"142","Amendoim sem Casca","Amendoim sem Casca","2.9","","false","","100 g","1 unidade","Oleaginosas","https://commons.wikimedia.org/wiki/Special:Redirect/file/Walnuts_pistachios_cashew_almonds.jpg","false","15","[]",,"{}","true"
"143","Cacau 100% Alcalino","Cacau 100% Alcalino","7.9","","false","","100 g","1 unidade","Chocolate","https://commons.wikimedia.org/wiki/Special:Redirect/file/Cocoa-powder-1883108.jpg","false","639","[]",,"{}","true"
"144","Cacau 70%","Cacau 70%","7.5","","false","","100 g","1 unidade","Chocolate","https://commons.wikimedia.org/wiki/Special:Redirect/file/Cocoa-powder-1883108.jpg","false","316","[]",,"{}","true"
"145","Cacau 50%","Cacau 50%","5.5","","false","","100 g","1 unidade","Chocolate","https://commons.wikimedia.org/wiki/Special:Redirect/file/Cocoa-powder-1883108.jpg","false","353","[]",,"{}","true"
"146","Nibs de Cacau","Nibs de Cacau","24.9","","false","","100 g","1 unidade","Chocolate","https://commons.wikimedia.org/wiki/Special:Redirect/file/Cocoa_Nibs_in_Bowl.jpg","false","716","[]",,"{}","true"
"147","Eritritol","Eritritol","6.2","","false","","100 g","1 unidade","Granel","assets/img/produtos/bloco2/eritritol.jpg","false","315","[]",,"{""tipo"":""peso"",""unidadeBase"":""g"",""quantidadeBase"":100,""precoBase"":6.2}","true"
"148","Stevia em Pó","Stevia em Pó","42","","false","","100 g","1 unidade","Granel","assets/img/produtos/bloco2/stevia-em-po.webp","false","940","[]",,"{""tipo"":""peso"",""unidadeBase"":""g"",""quantidadeBase"":100,""precoBase"":42}","true"
"149","Cravo em Pó","Cravo em Pó","6.5","","false","","100 g","1 unidade","Temperos","https://commons.wikimedia.org/wiki/Special:Redirect/file/Ground_cloves.jpg","false","196","[]",,"{}","true"
"150","Bicarbonato de Sódio","Bicarbonato de Sódio","1.9","","false","","100 g","1 unidade","Produtos de prateleira","assets/img/produtos/bloco2/bicarbonato-sodio.jpg","false","314","[]",,"{}","true"
"151","Farinha Panko","Farinha Panko","4","","false","","100 g","1 unidade","Farinhas","https://commons.wikimedia.org/wiki/Special:Redirect/file/011221-White-IMG_3991.jpg","false","346","[]",,"{}","true"
"152","Farinha Mineira","Farinha Mineira","4.1","","false","","100 g","1 unidade","Farinhas","https://www.emporioquatroestrelas.com.br/media/catalog/product/f/a/farinha_mineira_100g.jpg","false","439","[]",,"{}","true"
"153","Polvilho Doce","Polvilho Doce","1.9","","false","","100 g","1 unidade","Farinhas","https://commons.wikimedia.org/wiki/Special:Redirect/file/Tapioca_starch.jpg","false","373","[]",,"{}","true"
"154","Polvilho Azedo","Polvilho Azedo","1.99","","false","","100 g","1 unidade","Farinhas","https://commons.wikimedia.org/wiki/Special:Redirect/file/Tapioca_starch.jpg","false","372","[]",,"{}","true"
"155","Flocos de Arroz","Flocos de Arroz","4","","false","","100 g","1 unidade","Farinhas","https://commons.wikimedia.org/wiki/Special:Redirect/file/Poha_(Rice_Flakes).jpg","false","262","[]",,"{}","true"
"156","Fubá Italiano","Fubá Italiano","3.1","","false","","100 g","1 unidade","Farinhas","https://commons.wikimedia.org/wiki/Special:Redirect/file/Polenta_uncooked.jpg","false","156","[]",,"{}","true"
"157","Açúcar Mascavo","Açúcar Mascavo","4.69","","false","","100 g","1 unidade","Produtos de prateleira","assets/img/produtos/bloco2/acucar-mascavo.webp","false","303","[]",,"{}","true"
"158","Açúcar de Coco","Açúcar de Coco","6","","false","","100 g","100 g","Granel","assets/img/produtos/bloco2/acucar-de-coco.jpg","false","301","[]",,"{""tipo"":""peso"",""unidadeBase"":""g"",""quantidadeBase"":100,""precoBase"":6}","true"
"159","Açúcar Demerara","Açúcar Demerara","1.49","","false","","100 g","1 unidade","Produtos de prateleira","https://commons.wikimedia.org/wiki/Special:Redirect/file/Demerara_sugar_crystals.jpg","false","302","[]",,"{}","true"
"160","Café Bossa Nova","Café Bossa Nova","59.9","","false","","500 g","1 unidade","Cafés","https://zingrao.com.br/collections/cafes","false","","[]",,"{}","true"
"161","Café Bossa Nova","Café Bossa Nova","30","","false","","250 g","1 unidade","Cafés","","false","","[]",,"{}","true"
"162","Cebola em Conserva Temperada","Essência do Vale — Cebola em Conserva Temperada.","31","","false","Essência do Vale","340 g","1 unidade","Produtos de prateleira","https://cdn.awsli.com.br/2500x2500/1285/1285102/produto/53859500/cebola-em-conserva-tsxbn2ssbe.png","false","","[]",,"{}","true"
"163","Homus","Essência do Vale — Homus.","42","","false","Essência do Vale","320 g","1 unidade","Produtos de prateleira","https://cdn.awsli.com.br/800x800/1285/1285102/produto/139500424/homus-3by2mfghd6.png","false","","[]",,"{}","true"
"164","Pasta de Truta Defumada Tradicional","Essência do Vale — Pasta de Truta Defumada Tradicional.","39.9","","false","Essência do Vale","160 g","1 unidade","Produtos de prateleira","https://cdn.awsli.com.br/2500x2500/1285/1285102/produto/53860236/pasta-de-truta-defumada-tradicional-sc7jqz76v4.png","false","","[]",,"{}","true"
"165","Geleia de Abacaxi com Hortelã Diet","Essência do Vale — Geleia de Abacaxi com Hortelã Diet.","34.9","","false","Essência do Vale","200 g","1 unidade","Produtos de prateleira","https://loja.essenciadovale.com/geleia-de-abacaxi-com-hortela-diet-200g","false","","[]",,"{}","true"
"166","Geleia de Frutos Vermelhos Diet","Essência do Vale — Geleia de Frutos Vermelhos Diet.","39.9","","false","Essência do Vale","200 g","1 unidade","Produtos de prateleira","https://loja.essenciadovale.com/geleia-de-frutas-vermelhas-diet-200g","false","","[]",,"{}","true"
"167","Geleia de Pimenta Diet","Essência do Vale — Geleia de Pimenta Diet.","34.9","","false","Essência do Vale","200 g","1 unidade","Produtos de prateleira","https://loja.essenciadovale.com/media/catalog/product/g/e/geleia_de_pimenta_diet_200g.png","false","","[]",,"{}","true"
"168","Óleo de Coco Copra Extravirgem","Óleo de Coco Copra Extravirgem","64.9","","false","","500 ml","1 unidade","Produtos de prateleira","https://copra.com.br/wp-content/uploads/2020/05/copra_banner_oleoextravirgem_proteste__X_X_X_XX_X.jpg","false","","[]",,"{}","true"
"169","Óleo de Coco Copra Extravirgem","Óleo de Coco Copra Extravirgem","29.9","","false","","200 ml","1 unidade","Produtos de prateleira","https://copra.com.br/wp-content/uploads/2020/05/copra_banner_oleoextravirgem_proteste__X_X_X_XX_X.jpg","false","","[]",,"{}","true"
"170","Óleo de Coco Copra sem Sabor e sem Cheiro","Óleo de Coco Copra sem Sabor e sem Cheiro","25","","false","","200 ml","1 unidade","Produtos de prateleira","https://atacadaomaromba.fbitsstatic.net/img/p/oleo-de-coco-sem-sabor-500ml-copra-152027/343788.jpg?w=710&h=710&v=202604101603","false","","[]",,"{}","true"
"171","Óleo de Coco Copra sem Sabor e sem Cheiro","Óleo de Coco Copra sem Sabor e sem Cheiro","51.9","","false","","500 ml","1 unidade","Produtos de prateleira","https://copra.com.br/wp-content/uploads/2025/02/copra_AguaDeCoco1L.png","false","","[]",,"{}","true"
"172","Óleo de Coco Santo Óleo Extravirgem","Óleo de Coco Santo Óleo Extravirgem","28","","false","","200 ml","1 unidade","Produtos de prateleira","https://loja.santooleo.com.br/cdn/shop/files/oleo-de-coco-extravirgem-da-pelicula-500ml.png","false","","[]",,"{}","true"
"173","Óleo de Coco Santo Óleo Extravirgem","Óleo de Coco Santo Óleo Extravirgem","54.9","","false","","500 ml","1 unidade","Produtos de prateleira","https://loja.santooleo.com.br/cdn/shop/files/oleo-de-coco-extravirgem-da-pelicula-500ml.png","false","","[]",,"{}","true"
"174","Azeite de Abacate Extravirgem","Azeite de Abacate Extravirgem","39","","false","","250 ml","1 unidade","Produtos de prateleira","https://images.tcdn.com.br/img/img_prod/1249471/azeite_de_abacate_extra_virgem_250_ml_1_20260302092557_377d26fbc873.png","false","","[]",,"{}","true"
"175","Tahine Integral","Sésamo Real — Tahine Integral.","36.9","","false","Sésamo Real","320 g","1 unidade","Produtos de prateleira","https://sesamoreal.com.br/cdn/shop/files/tahine-integral-320g.png","false","","[]",,"{}","true"
"176","Tahine Tradicional","Sésamo Real — Tahine Tradicional.","37.9","","false","Sésamo Real","320 g","1 unidade","Produtos de prateleira","https://sesamoreal.com.br/cdn/shop/files/tahine-tradicional-320g.png","false","","[]",,"{}","true"
"177","Gergelim Mix","Sésamo Real — Gergelim Mix.","19.9","","false","Sésamo Real","170 g","1 unidade","Produtos de prateleira","https://sesamoreal.com.br/cdn/shop/files/gergelim-mix-170g.png","false","","[]",,"{}","true"
"179","Molho Mrs Chicken","Mrs Taste — Molho Mrs Chicken.","32.9","","false","Mrs Taste","320 g","1 unidade","Produtos de prateleira","https://cdn.dooca.store/144780/products/download-2024-11-21t145116079.jpg?v=1732211594","false","","[]",,"{}","true"
"180","Geleia de Pimenta com Frutas Vermelhas","UAI Red Pepper — Geleia de Pimenta com Frutas Vermelhas.","24.9","","false","UAI Red Pepper","260 g","1 unidade","Produtos de prateleira","https://www.magazineluiza.com.br/molho-geleia-de-pimenta-frutas-vermelhas-260g-uai-pepper-geleia-uai/p/gce20adhgb/me/glia/","false","","[]",,"{}","true"
"181","Molho Agridoce Defumado","UAI Red Pepper — Molho Agridoce Defumado.","24.9","","false","UAI Red Pepper","260 g","1 unidade","Produtos de prateleira","https://www.magazineluiza.com.br/molho-geleia-de-pimenta-agridoce-defumado-p-carnes-e-queijo-260g-uai-red-pepper-geleia-uai/p/baaadkjc08/me/capx/","false","","[]",,"{}","true"
"182","Sal Sertão Integral","Sal Sertão Integral","14.9","","false","","1 kg","1 unidade","Produtos de prateleira","https://lojagood4you.com.br/cdn/shop/files/sal_marinho_integral_1kg_sertao_5553_1_193ff1d2dc8639eb58674c1503f5bebd.webp?v=1768405191","false","","[]",,"{}","true"
"183","Sal Marinho Integral de Mossoró","BR Spices — Sal Marinho Integral de Mossoró.","12","","false","BR Spices","500 g","1 unidade","Produtos de prateleira","https://www.loja.brspices.com.br/media/catalog/product/s/a/sal_marinho_integral_mossoro_500g.jpg","false","","[]",,"{}","true"
"184","Sal Marinho Integral de Mossoró","BR Spices — Sal Marinho Integral de Mossoró.","20","","false","BR Spices","1 kg","1 unidade","Produtos de prateleira","https://www.loja.brspices.com.br/media/catalog/product/s/a/sal_marinho_integral_mossoro_500g.jpg","false","","[]",,"{}","true"
"185","Sal Marinho Integral","OuroMar — Sal Marinho Integral.","15.9","","false","OuroMar","1 kg","1 unidade","Produtos de prateleira","https://www.mercadolivre.com.br/sal-marinho-integral-1kg-ouromar/p/MLB36840545","false","","[]",,"{}","true"
"186","Flocos de Milho Livre","Flocos de Milho Livre","9.9","","false","","500 g","1 unidade","Farinhas","https://http2.mlstatic.com/D_NQ_NP_2X_654847-MLA94467633519_102025-O.webp","false","","[]",,"{}","true"
"187","Extrato Natural de Baunilha","Bombay Herbs & Spices — Extrato Natural de Baunilha.","44","","false","Bombay Herbs & Spices","30 ml","1 unidade","Produtos de prateleira","https://bombayhs.vtexassets.com/arquivos/ids/157422/extrato-de-baunilha.jpg?v=639125551118130000","false","","[]",,"{}","true"
"188","Shoyu de Coco Copra","Shoyu de Coco Copra","34.9","","false","","250 ml","1 unidade","Produtos de prateleira","https://images.tcdn.com.br/img/img_prod/1033103/shoyu_de_coco_copra_250ml_721_1_0196a633103783e40c896cf6fe94eb20.jpg","false","","[]",,"{}","true"
,"Black Maca Peruana Premium",,"68","","false","Inka Qhatu","150 g",,"Granel","https://www.inkaqhatu.com/cdn/shop/files/A741088-2_1800x.jpg?v=1769114303","false",,"[]",,"{""tipo"":""peso"",""unidadeBase"":""g"",""quantidadeBase"":100,""precoBase"":68}","true"
,"Beterraba em Pó",,"8.9","","false","SEM MARCA","100 g",,"Granel","https://commons.wikimedia.org/wiki/Special:Redirect/file/Beetroot_powder.jpg","false",,"[]",,"{""tipo"":""peso"",""unidadeBase"":""g"",""quantidadeBase"":100,""precoBase"":8.9}","true"
,"Feno Grego em Pó",,"5.9","","false","SEM MARCA","100 g",,"Granel","https://moroccanspicysecrets.com/cdn/shop/files/1731402777.png?v=1727991863","false",,"[]",,"{""tipo"":""peso"",""unidadeBase"":""g"",""quantidadeBase"":100,""precoBase"":5.9}","true"
,"Energético em Pó (Tribulus)",,"11.9","","false","SEM MARCA","100 g",,"Granel","https://commons.wikimedia.org/wiki/Special:Redirect/file/Tribulus_terrestris_powder.jpg","false",,"[]",,"{""tipo"":""peso"",""unidadeBase"":""g"",""quantidadeBase"":100,""precoBase"":11.9}","true"
,"Farinha de Berinjela",,"8.9","","false","SEM MARCA","100 g",,"Granel","https://cdn.awsli.com.br/2096/2096226/produto/131217110/71b61fbfdf.jpg","false",,"[]",,"{""tipo"":""peso"",""unidadeBase"":""g"",""quantidadeBase"":100,""precoBase"":8.9}","true"
,"Farinha de Inhame",,"10","","false","SEM MARCA","100 g",,"Granel","https://cdn.shopify.com/s/files/1/0664/7034/6966/files/81L-t-6hlBL._SL1500_2048x2048.png?v=1661731860","false",,"[]",,"{""tipo"":""peso"",""unidadeBase"":""g"",""quantidadeBase"":100,""precoBase"":10}","true"
,"Goma Xantana",,"8.9","","false","SEM MARCA","100 g",,"Granel","https://commons.wikimedia.org/wiki/Special:Redirect/file/Xanthan_gum_powder.jpg","false",,"[]",,"{""tipo"":""peso"",""unidadeBase"":""g"",""quantidadeBase"":100,""precoBase"":8.9}","true"
,"Semolina",,"2.2","","false","SEM MARCA","100 g",,"Granel","https://bowlvegetal.com/cdn/shop/files/semolina-semola-de-trigo-fina.jpg?v=1766457759&width=533","false",,"[]",,"{""tipo"":""peso"",""unidadeBase"":""g"",""quantidadeBase"":100,""precoBase"":2.2}","true"
,"Farinha de Centeio",,"2.5","","false","SEM MARCA","100 g",,"Granel","https://commons.wikimedia.org/wiki/Special:Redirect/file/Rye_flour.jpg","false",,"[]",,"{""tipo"":""peso"",""unidadeBase"":""g"",""quantidadeBase"":100,""precoBase"":2.5}","true"
,"Farinha de Maracujá",,"3.5","","false","SEM MARCA","100 g",,"Granel","assets/img/produtos/bloco2/farinha-maracuja.jpg","false",,"[]",,"{""tipo"":""peso"",""unidadeBase"":""g"",""quantidadeBase"":100,""precoBase"":3.5}","true"
,"Ágar-Ágar em Pó",,"20","","false","","100 g",,"Farinhas","assets/img/produtos/bloco3/agar-agar.png","false",,"[]",,"{}","true"
,"Dolomita",,"1.6","","false","","100 g",,"Granel","assets/img/produtos/bloco2/dolomita.jpg","false",,"[]",,"{""tipo"":""peso"",""unidadeBase"":""g"",""quantidadeBase"":100,""precoBase"":1.6}","true"
,"Argila Branca",,"2.5","","false","","100 g",,"Granel","assets/img/produtos/bloco2/argila-branca.webp","false",,"[]",,"{""tipo"":""peso"",""unidadeBase"":""g"",""quantidadeBase"":100,""precoBase"":2.5}","true"
,"Argila Verde",,"2.9","","false","","100 g",,"Granel","https://images.tcdn.com.br/img/img_prod/1017481/argila_verde_100g_labotrat_cosmeticos_26851_1_0abb427e560ad9432075452f310a8ec3.jpg","false",,"[]",,"{""tipo"":""peso"",""unidadeBase"":""g"",""quantidadeBase"":100,""precoBase"":2.9}","true"
,"Alcachofra",,"9.5","","false","","100 g",,"Chás","https://commons.wikimedia.org/wiki/Special:Redirect/file/Dried_Artichoke_-_Flickr_-_glukupikron.jpg","false",,"[]",,"{}","true"
,"Amora Branca",,"9.5","","false","","100 g",,"Chás","https://commons.wikimedia.org/wiki/Special:Redirect/file/Dried_mulberry_leaves.jpg","false",,"[]",,"{}","true"
,"Funcho",,"9.5","","false","","100 g",,"Chás","https://commons.wikimedia.org/wiki/Special:Redirect/file/Fennel-seeds.jpg","false",,"[]",,"{}","true"
,"Alfazema Azul",,"25","","false","","100 g",,"Chás","https://commons.wikimedia.org/wiki/Special:Redirect/file/Lavender_flowers_lavandula.jpg","false",,"[]",,"{}","true"
,"Oliveira - Folha",,"9.5","","false","","100 g",,"Chás","https://commons.wikimedia.org/wiki/Special:Redirect/file/Olive_leaves.jpg","false",,"[]",,"{}","true"
,"Macela - Flor",,"12.5","","false","","100 g",,"Chás","https://commons.wikimedia.org/wiki/Special:Redirect/file/Macela.JPG","false",,"[]",,"{}","true"
,"Maçã para Chá",,"14","","false","","100 g",,"Chás","https://commons.wikimedia.org/wiki/Special:Redirect/file/Dried_apple_slices.jpg","false",,"[]",,"{}","true"
,"Limão Desidratado",,"9.5","","false","","100 g",,"Snacks","https://commons.wikimedia.org/wiki/Special:Redirect/file/Dried_lemon_slices.jpg","false",,"[]",,"{}","true"
,"Laranja para Chá",,"14.9","","false","","100 g",,"Chás","https://commons.wikimedia.org/wiki/Special:Redirect/file/Zhejiang_Jiaxing_dried_orange_slices.jpg","false",,"[]",,"{}","true"
,"Cravo da Índia",,"15.9","","false","","100 g",,"Temperos","https://commons.wikimedia.org/wiki/Special:Redirect/file/Clove_spices.jpg","false",,"[]",,"{}","true"
,"Anis Estrelado",,"14.9","","false","","100 g",,"Temperos","https://commons.wikimedia.org/wiki/Special:Redirect/file/Star_Anise.jpg","false",,"[]",,"{}","true"
,"Glucomannan",,"29.9","","false","","100 g",,"Granel","assets/img/produtos/bloco3/glucomannan.jpg","false",,"[]",,"{""tipo"":""peso"",""unidadeBase"":""g"",""quantidadeBase"":100,""precoBase"":29.9}","true"
,"Amaranto em Flocos",,"7.9","","false","","100 g",,"Granel","assets/img/produtos/bloco3/amaranto-flocos.jpeg","false",,"[]",,"{""tipo"":""peso"",""unidadeBase"":""g"",""quantidadeBase"":100,""precoBase"":7.9}","true"
,"Açaí em Pó",,"15","","false","","100 g",,"Granel","https://www.armazemsantafilomena.com.br/media/catalog/product/cache/a36d91cf602f5056eec13cb46a66de5e/p/o/polpa_de_acai.webp","false",,"[]",,"{""tipo"":""peso"",""unidadeBase"":""g"",""quantidadeBase"":100,""precoBase"":15}","true"
,"Levedura de Cerveja em Pó",,"5.3","","false","","100 g",,"Granel","assets/img/produtos/bloco3/levedura-cerveja.jpg","false",,"[]",,"{""tipo"":""peso"",""unidadeBase"":""g"",""quantidadeBase"":100,""precoBase"":5.3}","true"
,"Mucuna Nutricional",,"19.9","","false","","100 g",,"Granel","https://commons.wikimedia.org/wiki/Special:Redirect/file/Mucuna-pruriens-seeds.jpg","false",,"[]",,"{""tipo"":""peso"",""unidadeBase"":""g"",""quantidadeBase"":100,""precoBase"":19.9}","true"
,"Quirera de Milho",,"1.5","","false","","100 g",,"Granel","https://commons.wikimedia.org/wiki/Special:Redirect/file/Corn_grits.jpg","false",,"[]",,"{""tipo"":""peso"",""unidadeBase"":""g"",""quantidadeBase"":100,""precoBase"":1.5}","true"
,"Farinha de Milho",,"2.99","","false","","100 g",,"Farinhas","https://commons.wikimedia.org/wiki/Special:Redirect/file/Corn_flour_%2820240709%29.jpg","false",,"[]",,"{}","true"
,"Farinha de Mandioca Fina",,"7.9","","false","","100 g",,"Farinhas","https://commons.wikimedia.org/wiki/Special:Redirect/file/Farinha_de_mandioca.jpg","false",,"[]",,"{}","true"
,"Tapioca Granulada",,"2.6","","false","","100 g",,"Farinhas","https://chinezinho.com.br/wp-content/uploads/2024/08/tapioca-granulada-400g.png","false",,"[]",,"{}","true"
,"Maca Peruana",,"10","","false","","100 g",,"Granel","https://www.soflor.com.br/wp-content/uploads/2017/05/maca-peruana-em-po-para-consumo-2.jpg","false",,"[]",,"{""tipo"":""peso"",""unidadeBase"":""g"",""quantidadeBase"":100,""precoBase"":10}","true"
,"Farinha de Linhaça Marrom",,"4.5","","false","","100 g",,"Farinhas","https://commons.wikimedia.org/wiki/Special:Redirect/file/Brown_Flax_Seeds.jpg","false",,"[]",,"{}","true"
,"Farinha de Linhaça",,"2.99","","false","","100 g",,"Farinhas","https://commons.wikimedia.org/wiki/Special:Redirect/file/Ground_flax_seeds_in_a_glass_jar_illuminated_by_window_light_%2851173270515%29.jpg","false",,"[]",,"{}","true"
,"Gengibre em Pó",,"7.9","","false","","100 g",,"Temperos","https://commons.wikimedia.org/wiki/Special:Redirect/file/Ginger_powder_%281%29.jpg","false",,"[]",,"{}","true"
,"Chia Premium",,"4.99","","false","","100 g",,"Granel","https://commons.wikimedia.org/wiki/Special:Redirect/file/Chia_seeds.jpg","false",,"[]",,"{""tipo"":""peso"",""unidadeBase"":""g"",""quantidadeBase"":100,""precoBase"":4.99}","true"
,"Farinha de Chia",,"5.5","","false","","100 g",,"Farinhas","assets/img/produtos/bloco3/farinha-chia.jpeg","false",,"[]",,"{}","true"
"189","Psyllium Husk 90%","Psyllium Husk 90%, produto natural selecionado para venda a granel.","5.99","","false",,"100 g","100 g","Granel","https://commons.wikimedia.org/wiki/Special:Redirect/file/Psyllium_Husk.jpg","false",,"[""Psyllium"",""Psyllium Husk"",""Psyllium 90%"",""Casca de Psyllium"",""Psyllium em Pó""]",,"{""tipo"":""peso"",""unidadeBase"":""g"",""quantidadeBase"":100,""precoBase"":5.99}","true"
"190","Farinha de Aveia Integral","Farinha de Aveia Integral, produto natural selecionado para venda a granel.","4.5","","false",,"100 g","100 g","Farinhas","https://commons.wikimedia.org/wiki/Special:Redirect/file/Yulaf_unu.jpg","false",,"[""Farinha de Aveia Integral"",""Aveia Integral em Pó"",""Farinha de Aveia""]",,"{}","true"
"191","Farinha de Aveia","Farinha de Aveia, produto natural selecionado para venda a granel.","1.89","","false",,"100 g","100 g","Farinhas","https://commons.wikimedia.org/wiki/Special:Redirect/file/Yulaf_unu.jpg","false",,"[""Farinha de Aveia"",""Aveia em Pó"",""Farinha de Aveia Fina""]",,"{}","true"
"192","Farinha de Amêndoa","Farinha de Amêndoa, produto natural selecionado para venda a granel.","12.99","","false",,"100 g","100 g","Farinhas","https://commons.wikimedia.org/wiki/Special:Redirect/file/Almond_Flour_Coconut_Oil_Keto_Brownies_(36081996214).jpg","false",,"[""Farinha de Amêndoa"",""Farinha de Amêndoas"",""Amêndoa em Pó"",""Almond Flour""]",,"{}","true"
"193","Farinha de Coco","Farinha de Coco, produto natural selecionado para venda a granel.","3.49","","false",,"100 g","100 g","Farinhas","https://commons.wikimedia.org/wiki/Special:Redirect/file/Coconut_flour_textureB.jpg","false",,"[""Farinha de Coco"",""Coco em Pó"",""Coconut Flour""]",,"{}","true"
"194","Leite de Coco em Pó","Leite de Coco em Pó, produto natural selecionado para venda a granel.","7.9","","false",,"100 g","100 g","Farinhas","assets/img/produtos/bloco3/leite-coco-po.jpg","false",,"[""Leite de Coco em Pó"",""Leite Coco em Pó"",""Coconut Milk Powder""]",,"{}","true"
"195","Colágeno Hidrolisado","Colágeno Hidrolisado, produto natural selecionado para venda a granel.","13.9","","false",,"100 g","100 g","Granel","https://commons.wikimedia.org/wiki/Special:Redirect/file/COLLAGEN_PROTIEN.png","false",,"[""Colágeno"",""Colágeno Hidrolisado em Pó"",""Colágeno em Pó""]",,"{""tipo"":""peso"",""unidadeBase"":""g"",""quantidadeBase"":100,""precoBase"":13.9}","true"
"196","Fibra de Maçã","Fibra de Maçã, produto natural selecionado para venda a granel.","9","","false",,"100 g","100 g","Granel","https://www.nowfoods.com/sites/default/files/styles/scale_1200/public/2023-11/5908-apple-fiber-pure-powder.png","false",,"[""Fibra de Maçã"",""Fibra de Maçã em Pó"",""Apple Fiber""]",,"{""tipo"":""peso"",""unidadeBase"":""g"",""quantidadeBase"":100,""precoBase"":9}","true"
"197","Gelatina Natural","Gelatina Natural, produto natural selecionado para venda a granel.","4.9","","false",,"100 g","100 g","Farinhas","assets/img/produtos/bloco3/gelatina-natural.jpg","false",,"[""Gelatina"",""Gelatina Natural"",""Gelatina em Pó"",""Gelatina Sem Sabor""]",,"{}","true"
"198","Matcha","Matcha, produto natural selecionado para venda a granel.","13.5","","false",,"100 g","100 g","Chás","https://commons.wikimedia.org/wiki/Special:Redirect/file/Matcha_powder.jpg","false",,"[""Matcha"",""Matcha em Pó"",""Chá Matcha"",""Matcha Powder""]",,"{}","true"
"199","Proteína Isolada","Proteína Isolada, produto natural selecionado para venda a granel.","9","","false",,"100 g","100 g","Granel","assets/img/produtos/bloco3/proteina-isolada.jpg","false",,"[""Proteína Isolada"",""Proteína em Pó"",""Whey Isolado"",""Protein Isolate""]",,"{""tipo"":""peso"",""unidadeBase"":""g"",""quantidadeBase"":100,""precoBase"":9}","true"
"200","Cardamomo em Pó","Cardamomo em Pó, produto natural selecionado para venda a granel.","48","","false",,"100 g","100 g","Temperos","https://commons.wikimedia.org/wiki/Special:Redirect/file/Ground_cardamom.jpg","false",,"[""Cardamomo"",""Cardamomo em Pó"",""Cardamomo Moído"",""Cardamom Powder""]",,"{}","true"
"201","Cardamomo em Grãos","Cardamomo em Grãos, produto natural selecionado para venda a granel.","70","","false",,"100 g","100 g","Temperos","https://commons.wikimedia.org/wiki/Special:Redirect/file/Cardamom_seeds.jpg","false",,"[""Cardamomo em Grãos"",""Cardamomo em Sementes"",""Grãos de Cardamomo"",""Sementes de Cardamomo"",""Cardamom Seeds""]",,"{}","true"
"202","Cardo Mariano","Produto natural selecionado, disponível para compra a granel ou em embalagem, conforme apresentação.","39.9","","false",,,"100 g","Chás","https://www.culturademontania.org.ar/ccam/upload/cardo_mariano_plantas_curativas_montana_11.jpg","false",,"[""Cardo Mariano"",""Cardo de Santa Maria"",""Silybum marianum""]",,"{}","true"
"203","Uxi Amarelo","Produto natural selecionado, disponível para compra a granel ou em embalagem, conforme apresentação.","19.9","","false",,,"30 g","Chás","https://images.tcdn.com.br/img/img_prod/805151/uxi_amarelo_30g_chamel_cha_cascas_423_1_20200724161333.jpg","false",,"[""Uxi Amarelo"",""Uxi-Amarelo"",""Endopleura uchi""]",,"{}","true"
"204","Zimbro","Produto natural selecionado, disponível para compra a granel ou em embalagem, conforme apresentação.","44.9","","false",,,"100 g","Temperos","https://www.produtosnaturaisonline.com/todos-os-produtos/zimbro-100g-a-granel","false",,"[""Zimbro"",""Enebro"",""Juniperus communis""]",,"{}","true"
"205","Maçã com Canela","Produto natural selecionado, disponível para compra a granel ou em embalagem, conforme apresentação.","8.5","","false",,,"13 g","Chás","https://www.emporioceliaco.com.br/diversos/cha-de-maca-com-canela-10-saches-chamel-13g-sem-gluten","false",,"[""Chá de Maçã com Canela"",""Maçã Canela"",""Chá Maçã com Canela""]",,"{}","true"
"206","Chá Verde com Hibiscus","Produto natural selecionado, disponível para compra a granel ou em embalagem, conforme apresentação.","7.9","","false",,,"15 g","Chás","https://down-br.img.susercontent.com/file/0886ad9c5a75fe368c5134170d67aa32","false",,"[""Chá Verde com Hibiscus"",""Chá Verde com Hibisco"",""Chá Misto de Chá Verde e Hibiscus""]",,"{}","true"
"207","Picão","Produto natural selecionado, disponível para compra a granel ou em embalagem, conforme apresentação.","6.5","","false",,,"30 g","Chás","https://www.nattuatacado.com.br/picao-30g-chamel","false",,"[""Picão"",""Picão Preto"",""Bidens pilosa""]",,"{}","true"
"208","Quebra-Pedra","Produto natural selecionado, disponível para compra a granel ou em embalagem, conforme apresentação.","9.9","","false",,,"30 g","Chás","https://www.drogasil.com.br/cha-pacote-quebra-pedra-30g-chamel-1342910.html","false",,"[""Quebra-Pedra"",""Quebra Pedra"",""Phyllanthus niruri""]",,"{}","true"
"209","Sálvia","Produto natural selecionado, disponível para compra a granel ou em embalagem, conforme apresentação.","6","","false",,,"30 g","Chás","https://www.florasaudedistribuidora.com.br/produtos/salvia-30g-chamel/","false",,"[""Sálvia"",""Salvia officinalis""]",,"{}","true"
"210","Arruda","Produto natural selecionado, disponível para compra a granel ou em embalagem, conforme apresentação.","9.5","","false",,,"30 g","Chás","https://www.florasaudedistribuidora.com.br/chas/page/4/","false",,"[""Arruda"",""Ruta graveolens""]",,"{}","true"
"211","Artemísia","Produto natural selecionado, disponível para compra a granel ou em embalagem, conforme apresentação.","7.9","","false",,,"30 g","Chás","https://www.expressonatural.com.br/pacote-artemisia-30g-chamel","false",,"[""Artemísia"",""Artemisia"",""Artemisia vulgaris""]",,"{}","true"
"212","Barbatimão","Produto natural selecionado, disponível para compra a granel ou em embalagem, conforme apresentação.","9.9","","false",,,"50 g","Chás","https://images.tcdn.com.br/img/img_prod/557982/barbatimao_casca_50g_chamel_2399_1_998c4e22eaa2d3a4e0af7766625285cd.jpg","false",,"[""Barbatimão"",""Barbatimão Casca"",""Stryphnodendron adstringens""]",,"{}","true"
"213","Boldo do Chile","Produto natural selecionado, disponível para compra a granel ou em embalagem, conforme apresentação.","9.9","","false",,,"30 g","Chás","assets/img/produtos/bloco4/boldo-do-chile.png","false",,"[""Boldo do Chile"",""Boldo-do-Chile"",""Peumus boldus""]",,"{}","true"
"214","Cavalinha","Produto natural selecionado, disponível para compra a granel ou em embalagem, conforme apresentação.","9.9","","false",,,"30 g","Chás","https://www.farmasesi.com.br/produto/99863-chaa-chamel-cavalinha-folhas-a-granel-30g","false",,"[""Cavalinha"",""Equisetum hyemale""]",,"{}","true"
"215","Carqueja","Produto natural selecionado, disponível para compra a granel ou em embalagem, conforme apresentação.","5.5","","false",,,"30 g","Chás","https://product-data.raiadrogasil.io/images/16080044.webp","false",,"[""Carqueja"",""Carqueja Folhas"",""Baccharis genistelloides""]",,"{}","true"
"216","Dente-de-Leão","Produto natural selecionado, disponível para compra a granel ou em embalagem, conforme apresentação.","6","","false",,,"30 g","Chás","https://www.drogasil.com.br/pacote-de-cha-dente-de-leao-30g-chamel-1201951.html","false",,"[""Dente-de-Leão"",""Dente de Leão"",""Taraxacum officinale""]",,"{}","true"
"217","Erva-de-Bicho","Produto natural selecionado, disponível para compra a granel ou em embalagem, conforme apresentação.","6","","false",,,"30 g","Chás","https://www.nattuatacado.com.br/erva-de-bicho-30g-chamel","false",,"[""Erva-de-Bicho"",""Erva de Bicho"",""Polygonum persicaria""]",,"{}","true"
"218","Erva-Baleeira","Produto natural selecionado, disponível para compra a granel ou em embalagem, conforme apresentação.","6","","false",,,"30 g","Chás","https://shopee.com.br/Erva-Baleeira-30G-Chamel-i.394192376.53603527168","false",,"[""Erva-Baleeira"",""Erva Baleeira"",""Cordia verbenacea""]",,"{}","true"
"219","Erva-de-Bugre","Produto natural selecionado, disponível para compra a granel ou em embalagem, conforme apresentação.","6","","false",,,"30 g","Chás","https://www.nattuatacado.com.br/erva-de-bugre-30g-chamel","false",,"[""Erva-de-Bugre"",""Erva de Bugre"",""Casearia sylvestris""]",,"{}","true"
"220","Graviola","Produto natural selecionado, disponível para compra a granel ou em embalagem, conforme apresentação.","8","","false",,,"30 g","Chás","https://florasaudedistribuidora.com.br/produtos/graviola-30g-chamel/","false",,"[""Graviola"",""Graviola Folhas"",""Annona muricata""]",,"{}","true"
"221","Guiné","Produto natural selecionado, disponível para compra a granel ou em embalagem, conforme apresentação.","8","","false",,,"30 g","Chás","https://shop.pontalbrazil.com/products/chamel-cha-de-guine-30g","false",,"[""Guiné"",""Petiveria alliacea""]",,"{}","true"
"222","Goiabeira","Produto natural selecionado, disponível para compra a granel ou em embalagem, conforme apresentação.","8","","false",,,"30 g","Chás","https://shop.pontalbrazil.com/products/chamel-cha-de-goiabeira-30g","false",,"[""Goiabeira"",""Psidium guajava""]",,"{}","true"
"223","Louro","Produto natural selecionado, disponível para compra a granel ou em embalagem, conforme apresentação.","14","","false",,,"30 g","Chás","https://www.drogasil.com.br/pacote-de-cha-de-louro-30g-chamel-1209058.html","false",,"[""Louro"",""Folha de Louro"",""Laurus nobilis""]",,"{}","true"
"224","Urtiga Folha","Produto natural selecionado, disponível para compra a granel ou em embalagem, conforme apresentação.","14","","false",,,"100 g","Chás","https://acdn-us.mitiendanube.com/stores/004/851/893/products/urtiga-cha-11e9bebc6b81a9081c17544884779365-1024-1024.webp","false",,"[""Urtiga"",""Urtiga Folha"",""Urtiga Folhas"",""Urtica dioica""]",,"{}","true"
"225","Manacá","Produto natural selecionado, disponível para compra a granel ou em embalagem, conforme apresentação.","9.5","","false",,,"100 g","Chás","https://www.armazemsantahelena.com.br/manaca-brunsfesia-uniflora-","false",,"[""Manacá"",""Manacá em Folhas"",""Brunfelsia uniflora""]",,"{}","true"
"226","Boldo do Chile — Embalagem 100 g","Boldo do Chile em folhas, apresentado em embalagem de 100 g.","13.5","","false","","100 g","1 embalagem","Chás","https://images.tcdn.com.br/img/img_prod/758670/1584702387_c110680d8052c7b76b91f5a59202ecceee.png","false","232","[""Boldo do Chile"",""Boldo-do-Chile"",""Peumus boldus"",""Boldo 100 g""]",,"{}","true"
"227","Urtiga Folha — Embalagem 100 g","Urtiga em folhas desidratadas, apresentada em embalagem de 100 g.","14","","false","","100 g","1 embalagem","Chás","assets/img/produtos/sem-foto/227-urtiga-folha.jpeg","false","","[""Urtiga"",""Urtiga Folha"",""Urtiga Folhas"",""Urtica dioica"",""Urtiga 100 g""]",,"{}","true"
"228","Albumina — Clara de Ovo","Albumina em pó obtida da clara de ovo desidratada.","18.9","","false","","100 g","1 embalagem","Granel","https://cdn.awsli.com.br/800x800/405/405484/produto/50851257/a99472af5d.jpg","false","127","[""Albumina"",""Clara de Ovo em Pó"",""Albumina Clara de Ovo"",""Albumina 100 g""]",,"{""tipo"":""peso"",""unidadeBase"":""g"",""quantidadeBase"":100,""precoBase"":18.9}","true"
"229","Quinua em Flocos","Quinua em flocos, apresentada em embalagem de 100 g.","5.69","","false","","100 g","1 embalagem","Farinhas","https://images.tcdn.com.br/img/img_prod/1048598/quinoa_em_flocos_100g_11293_1_8c0443dcc31ecbd2d655781ec93697e8.jpeg","false","279","[""Quinoa em Flocos"",""Quinua Flocos"",""Quinoa Flocos"",""Quinua 100 g""]",,"{}","true"
"230","Ovo-Albumina em Pó","Ovo-albumina em pó, apresentada em embalagem de 100 g.","19.99","","false","","100 g","1 embalagem","Granel","https://cdn.awsli.com.br/800x800/2096/2096226/produto/131218144/7f75a97546.jpg","false","479","[""Ovo Albumina"",""Ovo-Albumina"",""Albumina em Pó"",""Clara de Ovo em Pó""]",,"{""tipo"":""peso"",""unidadeBase"":""g"",""quantidadeBase"":100,""precoBase"":19.99}","true"
"231","Gérmen de Trigo","Gérmen de trigo apresentado em embalagem de 100 g.","2.1","","false","","100 g","1 embalagem","Farinhas","https://images.tcdn.com.br/img/img_prod/1048598/germen_de_trigo_100g_10601_1_5123cb8d3a0133b0375b731b6b1dd949.jpeg","false","356","[""Germen de Trigo"",""Gérmen de Trigo 100 g"",""Germen de Trigo 100 g""]",,"{}","true"
"232","Feno Grego — Grãos","Feno-grego em grãos, apresentado em embalagem de 100 g.","9.5","","false","","100 g","1 embalagem","Granel","https://cdn.awsli.com.br/800x800/405/405484/produto/56153431/3a93e43add.jpg","false","605","[""Feno Grego"",""Feno-Grego"",""Trigonella foenum-graecum"",""Feno Grego em Grãos""]",,"{""tipo"":""peso"",""unidadeBase"":""g"",""quantidadeBase"":100,""precoBase"":9.5}","true"
"233","Glutamina","Glutamina em pó apresentada em embalagem de 100 g.","14.9","","false","","100 g","1 embalagem","Granel","https://static.estacaodosgraos.com.br/media/catalog/product/cache/1/small_image/200x200/21d081e82695bea9673cd0b2e90e4af3/g/l/glutamina_estacaodosgraos.jpg","false","407","[""Glutamina em Pó"",""L-Glutamina"",""Glutamina 100 g""]",,"{""tipo"":""peso"",""unidadeBase"":""g"",""quantidadeBase"":100,""precoBase"":14.9}","true"
"234","Farinha de Semente de Abóbora — Sem Casca","Farinha de semente de abóbora sem casca, apresentada em embalagem de 100 g.","12","","false","","100 g","1 embalagem","Farinhas","https://images.tcdn.com.br/img/img_prod/1348827/farinha_de_semente_de_abobora_100g_1_20250822124738_f8a5fc0d259d.jpeg","false","802","[""Farinha de Semente de Abóbora"",""Semente de Abóbora sem Casca em Pó"",""Farinha de Abóbora""]",,"{}","true"
"235","Semente de Abóbora em Pó","Semente de abóbora em pó apresentada em embalagem de 100 g.","8.1","","false","","100 g","1 embalagem","Farinhas","https://cdn.awsli.com.br/800x800/1883/1883023/produto/357918371/1eedc5954a92b4e0e451722ff97bddb4-5cwbqxe7dv.jpg","false","801","[""Semente de Abóbora em Pó"",""Farinha de Semente de Abóbora"",""Abóbora em Pó""]",,"{}","true"
"236","Farinha de Batata-Doce","Farinha de batata-doce apresentada em embalagem de 100 g.","2.9","","false","","100 g","1 embalagem","Farinhas","https://acdn-us.mitiendanube.com/stores/004/851/893/products/farinha-batata-doce-2-279fd0d87e6587ad2c17562307915876-1024-1024.webp","false","333","[""Farinha de Batata Doce"",""Batata Doce em Pó"",""Farinha de Batata-Doce 100 g""]",,"{}","true"
"237","Farinha de Arroz Integral","Farinha de arroz integral apresentada em embalagem de 100 g.","4.4","","false","","100 g","1 embalagem","Farinhas","https://down-br.img.susercontent.com/file/sg-11134201-7rdwo-m006npzm3fnb73","false","768","[""Farinha Integral de Arroz"",""Farinha de Arroz Integral 100 g"",""Arroz Integral em Farinha""]",,"{}","true"
"238","Fécula de Mandioca","Fécula de mandioca apresentada em embalagem de 100 g.","2.9","","false","","100 g","1 embalagem","Farinhas","http://acdn-us.mitiendanube.com/stores/001/182/439/products/fecula-mandioca-granel-emporio-santa-rita-1-4279cf3227cc70642316285575392689-640-0.webp","false","184","[""Fécula de Mandioca"",""Polvilho Doce"",""Amido de Mandioca""]",,"{}","true"
"239","Fécula de Batata","Fécula de batata vendida a granel.","2.9","","false","","","100 g","Farinhas","assets/img/produtos/bloco4/fecula-de-batata.jpg","false","350","[""Fécula de Batata"",""Fecula de Batata"",""Amido de Batata""]",,"{}","true"
"240","Guaraná em Pó","Guaraná em pó vendido a granel.","9.9","","false","","","100 g","Granel","assets/img/produtos/bloco4/guarana-em-po.png","false","408","[""Guaraná em Pó"",""Guarana em Po"",""Pó de Guaraná"",""Guarana""]",,"{""tipo"":""peso"",""unidadeBase"":""g"",""quantidadeBase"":100,""precoBase"":9.9}","true"
"241","Farinha de Uva","Farinha de uva vendida a granel.","5.49","","false","","","100 g","Farinhas","assets/img/produtos/bloco4/farinha-de-uva.jpg","false","430","[""Farinha de Uva"",""Farinha de Semente de Uva"",""Uva em Pó""]",,"{}","true"
"242","Catuaba em Pó","Catuaba em pó vendida a granel.","8","","false","","","100 g","Granel","assets/img/produtos/bloco4/catuaba-em-po.jpg","false","219","[""Catuaba em Pó"",""Catuaba em Po"",""Catuaba""]",,"{""tipo"":""peso"",""unidadeBase"":""g"",""quantidadeBase"":100,""precoBase"":8}","true"
"243","Ginseng em Pó","Ginseng em pó vendido a granel.","5.99","","false","","","100 g","Granel","assets/img/produtos/bloco4/ginseng-em-po.jpg","false","357","[""Ginseng em Pó"",""Ginseng em Po"",""Ginseng""]",,"{""tipo"":""peso"",""unidadeBase"":""g"",""quantidadeBase"":100,""precoBase"":5.99}","true"
"244","Spirulina em Pó","Spirulina em pó vendida a granel.","34.9","","false","","","100 g","Granel","assets/img/produtos/bloco4/spirulina-em-po.jpg","false","380","[""Spirulina em Pó"",""Spirulina em Po"",""Espirulina em Pó"",""Espirulina em Po""]",,"{""tipo"":""peso"",""unidadeBase"":""g"",""quantidadeBase"":100,""precoBase"":34.9}","true"
"245","Farinha de Grão-de-Bico","Farinha de grão-de-bico vendida a granel.","2.9","","false","","","100 g","Farinhas","assets/img/produtos/bloco4/farinha-de-grao-de-bico.jpg","false","340","[""Farinha de Grão-de-Bico"",""Farinha de Grao de Bico"",""Farinha de Grão de Bico"",""Grão de Bico em Farinha""]",,"{}","true"
"246","Farinha de Banana Verde","Farinha de banana verde vendida a granel.","4.5","","false","","","100 g","Farinhas","assets/img/produtos/bloco5/farinha-de-banana-verde.jpg","false","332","[""Farinha de Banana Verde"",""Farinha de Banana"",""Banana Verde em Pó""]",,"{}","true"
"247","Trigo para Kibe","Trigo para kibe vendido a granel.","1.3","","false","","","100 g","Granel","assets/img/produtos/bloco5/trigo-para-kibe.jpg","false","274","[""Trigo para Kibe"",""Trigo para Quibe"",""Trigo para Kibbe"",""Triguilho"",""Bulgur""]",,"{""tipo"":""peso"",""unidadeBase"":""g"",""quantidadeBase"":100,""precoBase"":1.3}","true"
"248","Extrato de Soja","Extrato de soja em pó vendido a granel.","1.5","","false","","","100 g","Farinhas","https://assets.instabuy.app.br/ib.item.image.large/l-6c8b6d9865c34ae2878861075f6514d0.jpeg","false","323","[""Extrato de Soja"",""Extrato de Soja em Pó"",""Soja em Pó""]",,"{}","true"
"249","Manjerona em Pó","Manjerona em pó vendida a granel.","7.9","","false","","100 g","100 g","Temperos","assets/img/produtos/sem-foto/249-manjerona-em-po.jpg","false","99","[""Manjerona em Pó"",""Manjerona"",""Manjerona em po"",""Origanum majorana""]",,"{}","true"
"250","Sucupira Miúda","Sucupira miúda desidratada vendida a granel.","15.5","","false","","100 g","100 g","Chás","https://cdn.vnda.com.br/emporiomuritiba/2025/02/24/10_31_00_726_bd80ef825069cbcae9bf166c5df5701e.jpg?v=1752254935","false","485","[""Sucupira Miúda"",""Sucupira Miuda"",""Sucupira"",""Sucupira miúda em pedaços""]",,"{}","true"
"251","Erva-do-Bicho","Erva-do-bicho desidratada vendida a granel.","9.5","","false","","100 g","100 g","Chás","assets/img/produtos/sem-foto/251-erva-do-bicho.jpg","false","578","[""Erva-do-Bicho"",""Erva do Bicho"",""Erva de Bicho"",""Polygonum acre""]",,"{}","true"
"252","Verbena","Verbena desidratada vendida a granel.","9.5","","false","","100 g","100 g","Chás","assets/img/produtos/bloco5/verbena.png","false","382","[""Verbena"",""Verbena officinalis"",""Verbena officinalis L.""]",,"{}","true"
"253","Buchinha do Norte","Buchinha do Norte comercializada por unidade.","10","","false","","1 unidade","1 unidade","Chás","assets/img/produtos/sem-foto/253-buchinha-do-norte.jpg","false","792","[""Buchinha do Norte"",""Buchinha do Norte unidade"",""Buchinha"",""Luffa operculata""]",,"{}","true"
"254","Losna","Losna desidratada vendida a granel.","9.5","","false","","100 g","100 g","Chás","assets/img/produtos/sem-foto/254-losna.png","false","2031","[""Losna"",""Losna 100 g"",""Artemisia absinthium"",""Absinto""]",,"{}","true"
"255","Jambolão","Jambolão desidratado vendido a granel.","9.5","","false","","100 g","100 g","Chás","assets/img/produtos/bloco5/jambolao.png","false","33","[""Jambolão"",""Jambolao"",""Jamelão"",""Jamelão"",""Syzygium jambolana""]",,"{}","true"
"256","Tanchagem","Tanchagem desidratada vendida a granel.","9.5","","false","","100 g","100 g","Chás","assets/img/produtos/sem-foto/256-tanchagem.jpg","false","498","[""Tanchagem"",""Tansagem"",""Transagem"",""Plantago major""]",,"{}","true"
"257","Drageado de Castanha de Caju 70%","Castanha de caju coberta com chocolate 70% cacau, vendida a granel.","23","","false","","100 g","100 g","Chocolate","assets/img/produtos/bloco5/drageado-castanha-de-caju-70.png","false","777","[""Drageado de Castanha de Caju 70%"",""Drageado Castanha de Caju 70%"",""Castanha de Caju 70% Drageado"",""Drageado de Caju 70%""]",,"{}","true"
"258","Castanha do Pará 70%","Castanha do Pará coberta com chocolate 70% cacau, vendida a granel.","24.9","","false","","100 g","100 g","Chocolate","assets/img/produtos/bloco5/castanha-do-para-70.jpg","false","466","[""Castanha do Pará 70%"",""Castanha do Para 70%"",""Castanha-do-Pará 70%"",""Castanha do Pará com Chocolate 70%""]",,"{}","true"
"259","Drageado de Castanha do Pará 70%","Castanha do Pará coberta com chocolate 70% cacau, vendida a granel.","24.3","","false","","100 g","100 g","Chocolate","https://images.tcdn.com.br/img/img_prod/1126302/drageas_de_castanha_do_para_com_chocolate_intenso_70_70_1_fe53efce1c6a0f91f5a25649475aafce.jpg","false","466","[""Drageado de Castanha do Pará 70%"",""Drageado Castanha do Para 70%"",""Drageado de Castanha do Pará com Chocolate 70%""]",,"{}","true"
"260","Drageado de Amêndoas 70%","Amêndoas cobertas com chocolate 70% cacau, vendidas a granel.","23","","false","","100 g","100 g","Chocolate","assets/img/produtos/bloco5/drageado-de-amendoas-70.jpg","false","777","[""Drageado de Amêndoas 70%"",""Drageado de Amendoas 70%"",""Drageado Amêndoa 70%"",""Drageado de Amêndoas com Chocolate 70%""]",,"{}","true"
"261","Drageado de Banana Passa com Whey 70%","Banana passa drageada com cobertura de chocolate 70% e whey, vendida a granel.","23","","false","","100 g","100 g","Chocolate","assets/img/produtos/sem-foto/261-drageado-banana-passa-whey-70.jpg","false","777","[""Drageado de Banana Passa com Whey 70%"",""Drageado Banana Passa Whey 70%"",""Banana Passa com Whey 70%"",""Drageado Banana Whey""]",,"{}","true"
"262","Drageado de Avelã ao Leite","Avelãs cobertas com chocolate ao leite, vendidas a granel.","23","","false","","100 g","100 g","Chocolate","assets/img/produtos/bloco6/drageado-de-avela-ao-leite.webp","false","777","[""Drageado de Avelã ao Leite"",""Drageado de Avela ao Leite"",""Dragee de Avelã ao Leite"",""Avelã ao Leite Drageado""]",,"{}","true"
"263","Drageado de Castanha de Caju ao Leite","Castanha de caju coberta com chocolate ao leite, vendida a granel.","23","","false","","100 g","100 g","Chocolate","assets/img/produtos/sem-foto/263-drageado-castanha-caju-ao-leite.jpg","false","777","[""Drageado de Castanha de Caju ao Leite"",""Drageado Castanha de Caju ao Leite"",""Castanha de Caju ao Leite"",""Drageado de Caju ao Leite""]",,"{}","true"
"264","Drageado de Banana c/ Chocolate 70% Dietético","Banana passa drageada com chocolate 70%, vendida a granel.","22","","false","",,"100 g","Chocolate","https://cdn.awsli.com.br/2500x2500/1901/1901991/produto/98473215/6cce6e2b78.jpg","false","773","[""Drageado de Banana c/ Chocolate 70% Dietético"",""Drageado de Banana com Chocolate 70% Dietético"",""Banana Passa c/ Chocolate 70% Zero Açúcar""]",,"{}","true"
"265","Castanhinha de Banana c/ Chocolate 70%","Castanhinha de banana com cobertura de chocolate 70%, vendida a granel.","19","","false","",,"100 g","Chocolate","assets/img/produtos/bloco6/castanhinha-de-banana-chocolate-70.webp","false","597","[""Castanhinha de Banana c/ Chocolate 70%"",""Castanhinha de Banana com Chocolate 70%""]",,"{}","true"
"266","Amendoim c/ Chocolate 70%","Amendoim drageado com cobertura de chocolate 70% cacau, vendido a granel.","24.9","","false","",,"100 g","Chocolate","https://images.tcdn.com.br/img/img_prod/758670/amendoim_com_chocolate_70_100g_95_1_20200514140723.jpg","false","776","[""Amendoim c/ Chocolate 70%"",""Drageado de Amendoim c/ Chocolate 70%"",""Drageado de Amendoim com Chocolate 70%""]",,"{}","true"
"267","Gotas Branca 0 Açúcar","Gotas de chocolate branco sem açúcar, vendidas a granel.","19.9","","false","",,"100 g","Chocolate","assets/img/produtos/bloco6/gotas-branca-zero-acucar.png","false","774","[""Gotas Branca 0 Açúcar"",""Gotas Brancas 0 Açúcar"",""Gotas de Chocolate Branco 0 Açúcar""]",,"{}","true"
"268","Gotas de Chocolate ao Leite 0 Açúcar","Gotas de chocolate ao leite sem açúcar, vendidas a granel.","19.9","","false","",,"100 g","Chocolate","assets/img/produtos/bloco6/gotas-chocolate-ao-leite-zero-acucar.webp","false","774","[""Gotas de Chocolate ao Leite 0 Açúcar"",""Gotas Chocolate ao Leite 0 Açúcar""]",,"{}","true"
"269","Drageado de Uva c/ Chocolate 70%","Uva passa drageada com cobertura de chocolate 70%, vendida a granel.","20","","false","",,"100 g","Chocolate","https://www.cerealistaexpress.com.br/media/tmp/webp/catalog/product/cache/1/image/420x545/9df78eab33525d08d6e5fb8d27136e95/d/r/dragee-de-uva-passa-70_-cacau-cerealista-express_1_jpg.webp","false","773","[""Drageado de Uva c/ Chocolate 70%"",""Drageado de Uva Passa c/ Chocolate 70%"",""Drageado de Uva Passa com Chocolate 70%""]",,"{}","true"
"270","Drageado de Amendoim c/ Chocolate 70%","Amendoim drageado com chocolate 70% cacau, vendido a granel.","20","","false","",,"100 g","Chocolate","https://lojadivinaterra.vtexassets.com/arquivos/ids/156474-1200-auto?v=638945045585530000&width=1200&height=auto&aspect=true","false","773","[""Drageado de Amendoim c/ Chocolate 70%"",""Drageado de Amendoim com Chocolate 70% Cacau""]",,"{}","true"
"271","Drageado de Cranberry c/ Chocolate 70%","Cranberry drageado com cobertura de chocolate 70%, vendido a granel.","20","","false","",,"100 g","Chocolate","assets/img/produtos/bloco6/drageado-cranberry-chocolate-70.jpg","false","773","[""Drageado de Cranberry c/ Chocolate 70%"",""Drageado de Cranberry com Chocolate 70%""]",,"{}","true"
"272","Drageado de Cranberry Zero Açúcar","Cranberry drageado com chocolate 70% sem açúcar, vendido a granel.","20","","false","",,"100 g","Chocolate","https://encrypted-tbn2.gstatic.com/shopping?q=tbn:ANd9GcSOMEI_8bw9BbJOTatJMeCXkmDFQBRuL11UOA2q8hHS3_QaptZcft4-mBf81nGILiGarSfKq2x6kug7FeeevETyDUudF4xDkuvE-N94I3yaCOCO5ku6QpxZKQ","false","773","[""Drageado de Cranberry Zero Açúcar"",""Drageado Cranberry Chocolate 70% Zero Açúcar""]",,"{}","true"
"273","Only4 Chocolate + Cranberry 70%","Chocolate Only4 com 70% de cacau e cranberry, embalagem de 70 g.","28.9","","false","Only4",,"70 g","Chocolate","https://images.tcdn.com.br/img/img_prod/588991/barra_de_chocolate_70_cacau_sabor_cranberry_zero_l_1_20251121090935_d5277c3d1ad0.jpg","false","","[""Only4 Chocolate + Cranberry 70%"",""Only4 70% Cacau com Cranberry 70g"",""Chocolate Only4 Cranberry 70%""]",,"{}","true"
"274","Bala de Alcaçuz","Bala de alcaçuz vendida a granel.","11","","false","",,"100 g","Snacks","https://http2.mlstatic.com/D_NQ_NP_969023-MLB112422375386_062026-O-bala-de-alcacuz-favette-clementine-di-calabria-amarelli-60g.webp","false","265","[""Bala de Alcaçuz"",""Alcaçuz""]",,"{}","true"
"275","Damasco c/ Chocolate 70%","Damasco drageado com cobertura de chocolate 70%, vendido a granel.","21.9","","false","",,"100 g","Chocolate","https://encrypted-tbn0.gstatic.com/shopping?q=tbn:ANd9GcS6VpybWzFh9XkrLa1SP4399OxHlHNYdU2BKZVPut-dN745GJL9nWAkZrNGdxg9FgEw8mKt1JylT_VP6q3nGzGW-ah72CkdvNVmMZT6-tarmhT8v_bnH20-","false","776","[""Damasco c/ Chocolate 70%"",""Damasco com Chocolate 70%"",""Drageado de Damasco com Chocolate 70%""]",,"{}","true"
"276","Drageado de Limão Siciliano","Limão siciliano drageado, vendido a granel.","23","","false","",,"100 g","Chocolate","https://www.atacadaodascastanhas.com.br/icontrole/files/1685037541599_amendoa-de-limao-siciliano.webp","false","777","[""Drageado de Limão Siciliano"",""Drageado Limão Siciliano""]",,"{}","true"
"277","Castanha do Pará c/ Chocolate ao Leite","Castanha do Pará envolvida em cobertura de chocolate ao leite, vendida a granel.","24.9","","false","","100 g","100 g","Chocolate","https://acdn-us.mitiendanube.com/stores/002/370/060/products/para-ao-leite-2-4e3d9067ae2a781e8517326512193319-1024-1024.webp","false","466","[""Castanha do Pará c/ Chocolate ao Leite"",""Castanha do Pará com Chocolate ao Leite"",""Castanha do Pará ao Leite"",""Drageado de Castanha do Pará ao Leite""]",,"{}","true"
"278","Drageado de Amendoim c/ Chocolate ao Leite","Amendoim coberto com chocolate ao leite, vendido a granel.","23","","false","","100 g","100 g","Chocolate","https://cdn.awsli.com.br/2417/2417061/arquivos/draga-amendoim-leite.png","false","777","[""Drageado de Amendoim c/ Chocolate ao Leite"",""Drageado de Amendoim com Chocolate ao Leite"",""Amendoim com Chocolate ao Leite"",""Amendoim Drageado""]",,"{}","true"
"279","Drageado de Uva Passa c/ Chocolate ao Leite","Uvas passas cobertas com chocolate ao leite, vendidas a granel.","23","","false","","100 g","100 g","Chocolate","assets/img/produtos/bloco6/drageado-uva-passa-chocolate-ao-leite.jpg","false","777","[""Drageado de Uva Passa c/ Chocolate ao Leite"",""Drageado de Uva Passa com Chocolate ao Leite"",""Drageado de Uva"",""Uva Passa com Chocolate ao Leite""]",,"{}","true"
"280","Drageado de Castanha do Pará","Castanha do Pará envolvida em cobertura de chocolate, vendida a granel.","23","","false","","100 g","100 g","Chocolate","assets/img/produtos/bloco6/drageado-castanha-do-para.jpg","false","777","[""Drageado de Castanha do Pará"",""Drageado de Castanha"",""Castanha do Pará Drageada"",""Castanha do Pará com Chocolate""]",,"{}","true"
"281","Cebola, Alho e Salsa","Mistura de cebola, alho e salsa desidratados para uso culinário.","7.9","","false","","100 g","100 g","Temperos","https://images.tcdn.com.br/img/img_prod/758670/cebola_salsa_alho_100g.jpg","false","309","[""Cebola, Alho e Salsa"",""Cebola Alho e Salsa"",""Cebola/Salsa/Alho"",""Tempero Cebola Alho e Salsa""]",,"{}","true"
"282","Cebola Granulada","Cebola desidratada granulada para uso culinário.","7.9","","false","","100 g","100 g","Temperos","https://cdnhuawei.lojavirtuolpro.com/sscondimentos/produto/multifotos/hd/20250214111420_6115993885_DZ.webp","false","387","[""Cebola Granulada"",""Cebola Granulada Desidratada"",""Cebola em Flocos""]",,"{}","true"
"283","Tempero Edu Guedes","Blend de temperos e vegetais desidratados inspirado no Tempero Edu Guedes.","7.9","","false","","100 g","100 g","Temperos","assets/img/produtos/sem-foto/283-tempero-edu-guedes.jpg","false","147","[""Tempero Edu Guedes"",""Edu Guedes"",""Tempero Edú Guedes""]",,"{}","true"
"284","Chimichurri s/ Pimenta","Mistura de ervas e especiarias para preparo de carnes e outros pratos, sem pimenta.","8.7","","false","","100 g","100 g","Temperos","https://cdn.iset.io/assets/39790/produtos/1039/chimichurri-sem-pimenta-ziplock-relva-verde-100g.jpg","false","1123","[""Chimichurri s/ Pimenta"",""Chimichurri sem Pimenta"",""Chimichurri S/Pimenta""]",,"{}","true"
"285","Orégano","Orégano desidratado para uso culinário.","7.9","","false","","100 g","100 g","Temperos","https://www.bernardoalimentos.com.br/produtos/c560e2eb4580913c542025272286f1e1.png","false","28","[""Orégano"",""Oregano""]",,"{}","true"
"286","Tempero Gaúcho","Mistura de temperos e especiarias para preparo de carnes, arroz, massas e outras receitas.","7","","false","","100 g","100 g","Temperos","https://images.tcdn.com.br/img/img_prod/764158/tempero_gaucho_150g_793_1_962087a94bbd1f11e179547d9e0e8daf.png","false","310","[""Tempero Gaúcho"",""Tempero Gaucho""]",,"{}","true"
"317","Castanha do Pará","Castanha do Pará inteira, vendida a granel, com sabor característico e textura crocante. Ideal para consumo direto e preparo de receitas.","24.9","","false","Cantinho Bom","100","g","Oleaginosas","https://cdn.awsli.com.br/2500x2500/2618/2618089/produto/271334773/castanha-do-para-media-inteira-100g-mania-de-castanha-1-5e6b9f9c.jpg","false","466","[""Castanha do Pará"",""Castanha-do-Pará"",""Castanha do Brasil"",""Castanha do Pará 100g""]",,"{}","true"
"318","Drageado de Morango","Drageado de morango coberto com chocolate, vendido a granel. Combinação de sabor frutado e cobertura crocante de chocolate.","23","","false","Cantinho Bom","100","g","Chocolate","https://cdn.akakce.com/z/patiswiss/patiswiss-100-gr-bitter-kapli-cilekli-draje.jpg","false","777","[""Drageado de Morango"",""Morango com Chocolate"",""Drageado de Morango com Chocolate""]",,"{}","true"
"319","Drageado de Licor de Morango","Drageado de licor de morango coberto com chocolate, vendido a granel. Possui recheio de licor de morango envolvido por cobertura de chocolate.","23","","false","Cantinho Bom","100","g","Chocolate","https://cdn.awsli.com.br/2500x2500/2600/2600061/produto/217497456/choconuts-pp-licor-de-morango.jpg","false","777","[""Drageado Licor de Morango"",""Drageado de Licor de Morango"",""Licor de Morango com Chocolate"",""Drageado de Morango com Licor""]",,"{}","true"
"320","Drageado de Licor de Conhaque","Drageado de licor de conhaque coberto com chocolate, vendido a granel. Doce com recheio de licor envolvido por cobertura de chocolate.","23","","false","Cantinho Bom","100","g","Chocolate","https://www.emporioaurea.com.br/cdn/shop/files/chocolate-ao-leite-com-licor-de-conhaque-100g.jpg","false","777","[""Drageado Licor de Conhaque"",""Drageado de Conhaque"",""Licor de Conhaque com Chocolate"",""Drageado de Licor""]",,"{}","true"
"321","Cebola, Alho e Salsa","Mistura de cebola, alho e salsa desidratados, indicada para realçar o sabor de carnes, arroz, feijão, molhos, legumes e diversas preparações culinárias.","7.9","","false","Cantinho Bom","100","g","Temperos","https://cdn.awsli.com.br/2500x2500/1445/1445920844/produto/222982148/tempero-cebola-alho-e-salsa-1kg.jpg","false","309","[""Cebola Alho e Salsa"",""Cebola, Alho e Salsa"",""Tempero Cebola Alho e Salsa"",""Cebola Salsa e Alho""]",,"{}","true"
"322","Cebola Granulada","Cebola desidratada granulada, prática para utilização em arroz, feijão, carnes, molhos, sopas, legumes e outras preparações culinárias.","7.9","","false","Cantinho Bom","100","g","Temperos","https://cdn.awsli.com.br/2500x2500/2600/2600061/produto/217497456/cebola-granulada.jpg","false","387","[""Cebola Granulada"",""Cebola Desidratada"",""Cebola em Flocos""]",,"{}","true"
"323","Tempero Edu Guedes","Mix de condimentos, legumes e ervas desidratados para realçar o sabor de preparações salgadas. Pode ser utilizado em carnes, arroz, feijão, legumes, molhos e outros pratos.","7.9","","false","Cantinho Bom","100","g","Temperos","https://static.wixstatic.com/media/068dc8_337467b9bd8f47319543c793407d39f4~mv2.png/v1/fill/w_544%2Ch_544%2Cal_c%2Clg_1%2Cq_85%2Cenc_avif%2Cquality_auto/068dc8_337467b9bd8f47319543c793407d39f4~mv2.png","false","147","[""Tempero Edu Guedes"",""Tempero do Edu"",""Edu Guedes""]",,"{}","true"
"324","Chimichurri sem Pimenta","Mistura de ervas e especiarias desidratadas sem pimenta, indicada para carnes, churrascos, marinadas, molhos, saladas e diversos preparos.","8.7","","false","Cantinho Bom","100","g","Temperos","https://cdnhuawei.lojavirtuolpro.com/sscondimentos/produtograde/20250214101805_1135998865_GZ.webp","false","1123","[""Chimichurri sem Pimenta"",""Chimichurri S/ Pimenta"",""Chimichurri sem pimenta 100g""]",,"{}","true"
"325","Orégano","Orégano desidratado, erva aromática de sabor marcante, indicado para pizzas, massas, molhos, carnes, saladas e diversas preparações culinárias.","7.9","","false","Cantinho Bom","100","g","Temperos","https://www.mika.com.br/wp-content/uploads/2024/01/oregano-100g.jpg","false","28","[""Orégano"",""Oregano"",""Orégano 100g""]",,"{}","true"
"326","Tempero Gaúcho","Blend de temperos e ervas para realçar o sabor de carnes, churrascos, feijão, sopas, farofas, saladas e legumes.","7","","false","Cantinho Bom","100","g","Temperos","https://cdn.awsli.com.br/2500x2500/2600/2600061/produto/217497456d2c462ef8c.jpg","false","310","[""Tempero Gaúcho"",""Tempero Gaucho"",""Tempero Gaúcho 100g""]",,"{}","true"
"327","Páprica Defumada","Páprica em pó com sabor defumado e aroma marcante, indicada para carnes, legumes, molhos, sopas e diversas preparações culinárias.","7.9","","false","Cantinho Bom","100","g","Temperos","https://www.focoalternativo.com.br/uploads/media/Default/0001/09/66c46790058947c3a40f1748545b59ff872234d8.jpeg","false","266","[""Páprica Defumada"",""Paprica Defumada"",""Páprica Defumada em Pó""]",,"{}","true"
"328","Páprica Doce","Páprica doce em pó, utilizada para adicionar cor, aroma e sabor suave a carnes, molhos, arroz, legumes e diversas preparações.","7.9","","false","Cantinho Bom","100","g","Temperos","https://acdn-us.mitiendanube.com/stores/003/774/956/products/payprica-doce-foco-100g-armazem-do-mercado-1c7e313381d43f58e017050103324688-480-0.webp","false","258","[""Páprica Doce"",""Paprica Doce"",""Páprica em Pó Doce""]",,"{}","true"
"329","Tempero Baiano com Pimenta","Mistura de especiarias de perfil marcante, tradicionalmente utilizada para carnes, aves, peixes, feijão, molhos e preparações inspiradas na culinária baiana.","7.9","","false","Cantinho Bom","100","g","Temperos","https://confeiteiro.agilecdn.com.br/58180_1.png?v=340-1057493266","false","253","[""Tempero Baiano"",""Tempero Baiano com Pimenta"",""Tempero Baiano C/ Pimenta"",""Tempero Baiano Picante""]",,"{}","true"
"330","Mix Mexicano Bela","Mix de temperos de perfil mexicano, indicado para realçar o sabor de carnes, preparações salgadas, molhos e pratos de inspiração mexicana.","23","","false","Cantinho Bom","100","g","Temperos","https://cdn.awsli.com.br/2500x2500/2600/2600061/produto/217497456/mix-mexicano.jpg","false","616","[""Mix Mexicano"",""Mix Mexicano Bela"",""Tempero Mexicano"",""Mix de Temperos Mexicano""]",,"{}","true"
"331","Sal Rosa Fino","Sal rosa do Himalaia em granulometria fina, indicado para temperar e finalizar diferentes preparações culinárias.","7.2","","false","Cantinho Bom","100","g","Temperos","https://cdn.awsli.com.br/2500x2500/2600/2600061/produto/217497456/sal-rosa-fino.jpg","false","121","[""Sal Rosa Fino"",""Sal Rosa do Himalaia Fino"",""Sal Rosa Fino do Himalaia""]",,"{}","true"
"332","Sal Rosa Grosso","Sal rosa do Himalaia em grãos grossos, indicado para temperar carnes, churrascos e outras preparações culinárias.","7.2","","false","Cantinho Bom","100","g","Temperos","https://a-static.mlcdn.com.br/800x800/sal-rosa-premium-100-natural-do-himalaia-grosso-pouch-100g-natural-do-povo/olistsp/ospoaia20po3ku1m/35e11ecee4d1b663f36f8bced0f0dab6.jpeg","false","142","[""Sal Rosa Grosso"",""Sal Rosa do Himalaia Grosso"",""Sal Rosa Grosso do Himalaia""]",,"{}","true"
"333","Mix Mexicano em Pó","Mistura de temperos em pó de inspiração mexicana, indicada para carnes, molhos e preparações culinárias que pedem sabor mais intenso.","6.6","","false","Cantinho Bom","100","g","Temperos","https://cdn.awsli.com.br/2500x2500/2600/2600061/produto/217497456/mix-mexicano-em-po.jpg","false","227","[""Mix Mexicano em Pó"",""Mix Mexicano Pó"",""Tempero Mexicano em Pó"",""Tempero Mexicano""]",,"{}","true"
"334","Tempero Baiano sem Pimenta","Mistura de especiarias inspirada na culinária baiana, sem pimenta, indicada para carnes, aves, feijão, molhos e preparações diversas.","7.9","","false","Cantinho Bom","100","g","Temperos","https://m.media-amazon.com/images/I/61VWLYz682L._AC_UL960_FMwebp_QL65_.jpg","false","153","[""Tempero Baiano sem Pimenta"",""Tempero Baiano S/ Pimenta"",""Tempero Baiano sem pimenta 100g""]",,"{}","true"
"335","Louro em Pó","Folhas de louro moídas em pó, com aroma característico, indicada para temperar feijão, feijoada, carnes, caldos, sopas, molhos e ensopados.","14.9","","false","Cantinho Bom","100","g","Temperos","https://www.mika.com.br/wp-content/uploads/2024/01/louro-em-po-10g.jpg","false","121","[""Louro em Pó"",""Louro em pó 100g"",""Folha de Louro em Pó"",""Louro Moído""]",,"{}","true"
"336","Páprica Picante","Páprica picante em pó, indicada para acrescentar cor, aroma e picância a carnes, molhos, refogados, assados e outras preparações.","7.9","","false","Cantinho Bom","100","g","Temperos","https://www.focoalternativo.com.br/uploads/media/Default/0001/14/04a359c422a02d3a3e3ccaa36ddaf92293adcbfa.jpeg","false","330","[""Páprica Picante"",""Paprica Picante"",""Páprica Picante em Pó""]",,"{}","true"
"347","Colorau","Colorau em pó, vendido a granel, utilizado para dar cor e sabor às preparações. Ideal para arroz, feijão, carnes, aves, peixes, molhos e ensopados.","7.9","","false","Cantinho Bom","100g",,"Temperos","https://malvibrasil.bwimg.com.br/malvibrasil/produtos/colorifico--colorau--kg-1662997758.1446.jpg","false","112","[]",,"{}","true"
"348","Tempero Pega Marido","Mistura de temperos e especiarias desidratadas, vendida a granel. Ideal para carnes, frango, arroz, feijão, caldos, saladas e diversos preparos.","7.9","","false","Cantinho Bom","100g",,"Temperos","https://www.focoalternativo.com.br/uploads/media/Default/0001/09/ff3f1a79f7ca16ba89bcd2eb6bba749b44d464a0.jpeg","false","332","[]",,"{}","true"
"349","Chimichurri c/ Pimenta","Mistura de ervas e especiarias desidratadas com pimenta, vendida a granel. Ideal para carnes, churrascos, grelhados, marinadas, molhos e saladas.","8.7","","false","Cantinho Bom","100g",,"Temperos","https://cdn.awsli.com.br/2500x2500/641/641976/produto/91849767/563151d8ab.jpg","false","1122","[]",,"{}","true"
"350","Cebola, Salsa e Tomate","Mistura de cebola, salsa e tomate desidratados, vendida a granel. Ideal para carnes, aves, peixes, arroz, feijão, sopas, molhos, saladas, massas e refogados.","7.9","","false","Cantinho Bom","100g",,"Temperos","https://images.tcdn.com.br/img/img_prod/1113620/mix_de_cebola_salsa_e_tomate_3775_1_4d0d13f02d657d0c8637dfa8d4b52d4e.jpg","false","815","[]",,"{}","true"
"351","Tempero Ana Maria","Mistura de temperos desidratados para uso culinário, vendida a granel. Versátil para carnes, frango, arroz, feijão, caldos, saladas e outros preparos.","7.9","","false","Cantinho Bom","100g",,"Temperos","https://filadelfiaalimentos.com.br/cdn/shop/files/TemperoAnaMaria100g_ccca6445-eba5-4894-b194-288ac09678be.png?v=1723560845","false","145","[]",,"{}","true"
"352","Vinagrete","Mistura de vegetais e temperos desidratados, vendida a granel. Ideal para saladas, carnes, churrascos, molhos, marinadas, sanduíches e acompanhamentos.","7.9","","false","Cantinho Bom","100g",,"Temperos","https://images.tcdn.com.br/img/img_prod/1280894/tempero_de_vinagrete_411_1_f8f2a38e2782e5c32c135755f691d838.jpg","false","149","[]",,"{}","true"
"353","Açafrão Premium","Açafrão em pó, vendido a granel, com cor intensa e aroma característico. Ideal para arroz, carnes, molhos, sopas, legumes e diversas preparações culinárias.","7.9","","false","Cantinho Bom","100g",,"Temperos","https://condimentosnordeste.com.br/_next/image?q=100&url=%2Fproducts%2Facafrao-100g.jpeg&w=640","false","201","[]",,"{}","true"
"354","Cebola em Pó","Cebola desidratada e moída em pó, vendida a granel. Prática e versátil para sopas, molhos, carnes, arroz, feijão, legumes, marinadas e temperos.","7.9","","false","Cantinho Bom","100g",,"Temperos","https://cdn.awsli.com.br/800x800/1587/1587813/produto/93792162/rdcep-cebola-em-po-100g-nh4d5y37am.png","false","64","[]",,"{}","true"
"355","Farinha de Cebola","Cebola desidratada finamente moída, apresentada como farinha de cebola e vendida a granel. Ideal para temperar carnes, molhos, sopas, arroz, feijão e outras preparações.","7.9","","false","Cantinho Bom","100g",,"Farinhas","https://acdn-us.mitiendanube.com/stores/002/032/932/products/cebola-moida-8-cbaf90bdbedf818d3b17618391884460-1024-1024.webp","false","133","[]",,"{}","true"
"356","Cúrcuma Pura","Cúrcuma pura em pó, vendida a granel. Especiaria de cor amarela intensa, indicada para arroz, sopas, molhos, risotos, legumes, carnes e diversas preparações culinárias.","7","","false","Cantinho Bom","100g",,"Temperos","https://down-br.img.susercontent.com/file/fe987080c5d92cfbe660a545b4ee87ad","false","114","[]",,"{}","true"
"357","Curry","Curry em pó vendido a granel, preparado a partir de uma combinação aromática de especiarias. Ideal para carnes, aves, peixes, arroz, legumes, sopas, molhos e ensopados.","7.9","","false","Cantinho Bom","100g",,"Temperos","https://upload.wikimedia.org/wikipedia/commons/4/49/Curry_Powder.JPG","false","511","[]",,"{}","true"
"358","Caldo de Carne","Caldo de carne em pó vendido a granel, ideal para intensificar o sabor de carnes, sopas, molhos, risotos, arroz, feijão e diversas preparações culinárias.","3.9","","false","Cantinho Bom","100g",,"Temperos","https://cdn.awsli.com.br/800x800/2491/2491435/produto/179990494/73cddf4fff.jpg","false","070","[]",,"{}","true"
"359","Lemon Pepper","Lemon Pepper, combinação aromática de limão e pimenta, vendido a granel. Ideal para carnes, aves, peixes, saladas, legumes e molhos.","7.9","","false","Cantinho Bom","100g",,"Temperos","https://snapcalorie-webflow-website.s3.us-east-2.amazonaws.com/media/food_pics_v2/medium/lemon_pepper_seasoning.jpg","false","120","[]",,"{}","true"
"360","Fumaça em Pó","Tempero de fumaça em pó vendido a granel, indicado para proporcionar sabor defumado a carnes, hambúrgueres, molhos, legumes, feijão e diversas preparações.","7.9","","false","Cantinho Bom","100g",,"Temperos","https://www.focoalternativo.com.br/media/cache/small/uploads/media/Default/0001/14/b98bea54ce613cec640161c337c3c48cc8eeb926.jpeg","false","626","[]",,"{}","true"
"361","Limão com Ervas Finas","Tempero de limão com ervas finas vendido a granel, combinando ervas aromáticas com toque cítrico. Ideal para carnes, aves, peixes, saladas, legumes, arroz e marinadas.","7.9","","false","Cantinho Bom","100g",,"Temperos","https://produtosoishii.com/webapp/uploads/produtos/limaoeerva.webp","false","749","[]",,"{}","true"
"363","Zattar","Zattar vendido a granel, tradicional mistura de especiarias da culinária do Oriente Médio. Ideal para pães, saladas, pastas, legumes, carnes, aves e diversas preparações.","7.9","","false","Cantinho Bom","100g",,"Temperos","https://thumbor.cartpanda.com/xg4rBAJyWXgRPhq9sSOOPiYxrmg%3D/1024x1024/https%3A/assets.mycartpanda.com/static/products_images/c5/87/5a/1696904507440.jpeg?v=13252247658","false","150","[]",,"{}","true"
"364","Pimenta Calabresa","Pimenta calabresa desidratada em flocos, vendida a granel. Ideal para pizzas, massas, carnes, molhos, aves, legumes e preparações que pedem um toque picante.","3.9","","false","Cantinho Bom","100g",,"Temperos","https://down-br.img.susercontent.com/file/sg-11134201-7rd55-luf19cgkqxtyc8","false","712","[]",,"{}","true"
"365","Pimenta Chili","Pimenta chili em pó vendida a granel, de sabor marcante e picante. Ideal para carnes, aves, molhos, sopas, legumes, marinadas, pratos mexicanos e diversas preparações.","7.9","","false","Cantinho Bom","100g",,"Temperos","https://images.heb.com/is/image/HEBGrocery/000150111-1","false","1121","[]",,"{}","true"
"366","Pimenta Rosa Grãos","Pimenta rosa em grãos vendida a granel, com sabor delicado, levemente adocicado e aroma marcante. Ideal para carnes, peixes, saladas, molhos, marinadas e finalização de pratos.","12.9","","false","Cantinho Bom","100g",,"Temperos","https://a-static.mlcdn.com.br/%7Bw%7Dx%7Bh%7D/pimenta-rosa-em-graos-100g-tempero-granel/djmcosmeticosprodutosnaturais/pimrosagraos100g/7a9abdbf0b2cb9635b1dd570f0c17b09.jpeg","false","136","[]",,"{}","true"
"367","Coentro em Grão","Sementes de coentro inteiras, vendidas a granel. Possuem aroma marcante e são utilizadas em carnes, peixes, frutos do mar, molhos, marinadas, caldos, legumes e diversas preparações culinárias.","7.9","","false","Cantinho Bom","100g",,"Temperos","https://cdn.iset.io/assets/39790/produtos/1793/coentro-ziplock-relva-verde-100g.jpg","false",,"[]",,"{}","true"
"368","Pimenta Jamaica em Grão","Pimenta Jamaica em grãos, vendida a granel. Especiaria aromática utilizada em carnes, molhos, marinadas, ensopados, caldos e diversas preparações culinárias.","20","","false","Cantinho Bom","100g",,"Temperos","https://santaluzia.vtexassets.com/arquivos/ids/969201/433004.jpg?v=637385308112570000","false","909","[]",,"{}","true"
"369","Pimenta Jamaica","Pimenta Jamaica moída, vendida a granel. Especiaria aromática indicada para carnes, molhos, marinadas, caldos, ensopados e diversas preparações culinárias.","7.9","","false","Cantinho Bom","100g",,"Temperos","https://santaluzia.vtexassets.com/arquivos/ids/965807/432989.jpg?v=637385057929470000","false","981","[]",,"{}","true"
"370","Pimenta Branca em Grão","Pimenta-do-reino branca em grãos, vendida a granel. Possui sabor marcante e é indicada para carnes, peixes, aves, molhos, purês e outras preparações.","19.9","","false","Cantinho Bom","100g",,"Temperos","https://cdn.iset.io/assets/39790/produtos/1373/pimenta-branca-100g-ziplock.jpg","false","132","[]",,"{}","true"
"372","Pimenta do Reino em Pó","Pimenta-do-reino preta moída, vendida a granel. Tempero versátil para carnes, aves, peixes, ovos, arroz, feijão, molhos, sopas e diversas receitas.","11.9","","false","Cantinho Bom","100g",,"Temperos","https://hortifrutibr.vtexassets.com/arquivos/ids/163662/Pimenta-do-Reino-Preta-em-Po-Natural-Da-Terra-100g.png?v=638671093810400000","false","134","[]",,"{}","true"
"373","Pimenta Malagueta","Pimenta Malagueta moída, vendida a granel. Possui sabor picante e é indicada para molhos, carnes, feijão, caldos, marinadas e preparações que pedem maior intensidade.","7.9","","false","Cantinho Bom","100g",,"Temperos","https://www.lojaalecrim.com.br/image/cache/catalog/Produtos/Pimenta/pimenta-malagueta-em-po-90g-800x800.jpg","false","12902","[]",,"{}","true"
"374","Pimenta Caiena","Pimenta Caiena em pó, vendida a granel. Tem sabor picante e é indicada para carnes, aves, molhos, sopas, legumes, marinadas e diversas preparações.","7.9","","false","Cantinho Bom","100g",,"Temperos","https://cdn.awsli.com.br/600x450/1587/1587813/produto/69678347/rdpc-pimenta-caiena---100g-j7ms0e939h.png","false","931","[]",,"{}","true"
"375","Pimenta Preta em Grão","Pimenta-do-reino preta em grãos, vendida a granel. Especiaria de sabor marcante e versátil, indicada para carnes, aves, peixes, molhos, caldos, marinadas e finalização de pratos.","12.99","","false","Cantinho Bom","100g",,"Temperos","https://cdn.iset.io/assets/39790/produtos/1796/pimenta-do-reino-em-graos-100g.jpg","false","159","[]",,"{}","true"
"376","Funghi Seco","Cogumelo desidratado de sabor intenso, aroma marcante e notas terrosas e umami. Ideal para risotos, massas, molhos, sopas, caldos e diversas preparações culinárias.","12.9","","false","Cantinho Bom","100","g","Temperos","http://www.magnavita.com.br/cdn/shop/files/fotoproduto-imagem_00b8c7db-ab96-40ea-82b7-0c7d06bc74b8.jpg?v=1733627118","false","230","[]",,"{}","true"
"377","Sal Negro Fino","Sal negro fino do Himalaia, também conhecido como Kala Namak, com coloração característica e aroma e sabor levemente sulfurosos. Pode ser utilizado para temperar saladas, legumes, arroz, preparações vegetarianas, molhos e finalizações.","21.49","","false","Cantinho Bom","100","g","Temperos","assets/img/produtos/sem-foto/377-sal-negro-fino.jpg","false","140","[]",,"{}","true"
"378","Mostarda em Grão","Sementes inteiras de mostarda, aromáticas e de sabor levemente picante. Podem ser utilizadas em molhos, marinadas, conservas, picles, carnes, legumes, feijões e diversas preparações culinárias.","7.9","","false","Cantinho Bom","100","g","Temperos","http://acdn-us.mitiendanube.com/stores/955/071/products/mostarda-em-grao1-489f1d0be88714dd7215668238828857-640-0.webp","false","748","[]",,"{}","true"
"379","Tempero Ana Maria Light","Blend de temperos desidratados com alho, cebola, cebolinha, coentro, orégano, pimentões, salsa e tomate em flocos. Uma opção leve e prática para realçar o sabor de carnes, frango, arroz, feijão, legumes, sopas e refogados.","7.9","","false","Cantinho Bom","100","g","Temperos","http://acdn-us.mitiendanube.com/stores/955/071/products/tempero-ana-maria-light1-92c8e8809d3ec294ed15668276800508-640-0.webp","false","769","[]",,"{}","true"
"380","Cominho em Grão","Sementes inteiras de cominho, de aroma marcante e sabor terroso levemente picante. Muito utilizado em carnes, feijão, arroz, molhos, marinadas, legumes, curries e diversas receitas.","7.9","","false","Cantinho Bom","100","g","Temperos","https://cipria.com.br/wp-content/uploads/2020/12/especiarias-cipria-cominho-em-grao.jpg","false","612","[]",,"{}","true"
"381","Tomilho","Erva aromática desidratada de sabor marcante e levemente terroso. Ideal para carnes, aves, peixes, frutos do mar, sopas, molhos, legumes, marinadas e diversos pratos.","7.9","","false","Cantinho Bom","100","g","Temperos","https://images.tcdn.com.br/img/img_prod/600293/tomilho_desidratado_em_flocos_100g_tlc_tudo_low_ca_2_20251112172131_4dba3dd789ba.jpg","false","143","[]",,"{}","true"
"382","Alho em Pó","Alho desidratado e moído em pó fino, prático para realçar o sabor e o aroma das preparações. Ideal para carnes, frango, peixes, arroz, feijão, legumes, sopas, molhos, marinadas e temperos.","7.9","","false","Cantinho Bom","100","g","Temperos","https://cdn.iset.io/assets/39790/produtos/1791/alho-po-ziplock-relva-verde-100g.jpg","false","659","[]",,"{}","true"
"383","Alho em Flocos","Alho desidratado em flocos, preservando o aroma e o sabor característicos do alho. Pode ser utilizado em carnes, frango, peixes, sopas, molhos, arroz, massas, legumes, saladas e marinadas.","7.9","","false","Cantinho Bom","100","g","Temperos","https://www.cocinista.es/download/bancorecursos/Productos5/10045c-copos-de-ajo-laminado-natco-100g.jpg","false","901","[]",,"{}","true"
"384","Ervas Finas","Blend de ervas aromáticas desidratadas, desenvolvido para proporcionar aroma e sabor às preparações. Ideal para carnes, aves, peixes, massas, molhos, saladas, legumes e diversos pratos.","7.9","","false","Cantinho Bom","100","g","Temperos","https://www.focoalternativo.com.br/uploads/media/Default/0001/07/b052ac2473d8e4e8b13b4e9a1d160629002aa003.jpeg","false","116","[]",,"{}","true"
"385","Alho Granulado","Alho desidratado em pequenos grânulos, com sabor e aroma concentrados. Uma opção prática para temperar carnes, aves, peixes, sopas, molhos, marinadas, arroz, massas, legumes e diversas receitas.","7.9","","false","Cantinho Bom","100","g","Temperos","https://cdn.iset.io/assets/39790/produtos/3793/alho-granulado-embalagem-ziplock-relva-verde-100g.jpg","false","104","[]",,"{}","true"
"387","Manjericão","Manjericão desidratado, erva aromática de sabor marcante e agradável. Ideal para pizzas, massas, molhos, saladas, carnes, sopas, refogados e outras preparações culinárias.","7.9","","false","Cantinho Bom","100","g","Temperos","http://www.magnavita.com.br/cdn/shop/files/fotoproduto-imagem_dbf8a897-55d6-4975-baef-2ad2f7db2d6c.jpg?v=1733711230","false","NÃO LEGÍVEL","[]",,"{}","true"
"388","Alecrim Desidratado","Erva aromática desidratada de sabor e aroma marcantes. Pode ser utilizada no preparo de carnes, aves, peixes, legumes, molhos, marinadas, pães e outras receitas.","7.9","","false","Cantinho Bom","100","g","Temperos","https://cdn.awsli.com.br/800x800/2513/2513495/produto/400983764/a417f437b33f4bfab5af8201b34684c0-n4tghi0hht.jpg","false","204","[]",,"{}","true"
"390","Flor de Sal","Flor de sal composta por delicados cristais de sal marinho, utilizada principalmente para finalizar e realçar o sabor de carnes, peixes, legumes, saladas e outras preparações.","7.9","","false","Cantinho Bom","100","g","Temperos","http://acdn-us.mitiendanube.com/stores/173/533/products/flor-de-sal-100g-cbd0850dfede0ce24317842092834695-640-0.webp","false","162","[]",,"{}","true"
"391","Trigo Sarraceno","Grão de sabor suave e versátil, utilizado em diversas preparações. Pode ser empregado em saladas, acompanhamentos, bowls, sopas e receitas variadas.","3.8","","false","Cantinho Bom","100","g","Granel","https://images.tcdn.com.br/img/img_prod/1424111/trigo_sarraceno_100g_1_20250923191919_d04d375233af.jpg","false","190","[]",,"{""tipo"":""peso"",""unidadeBase"":""g"",""quantidadeBase"":100,""precoBase"":3.8}","true"
"392","Canela em Pau","Canela em pedaços, com aroma quente e sabor característico. Ideal para chás, cafés, bebidas aromatizadas, doces, compotas, sobremesas e preparações culinárias.","12","","false","Cantinho Bom","100","g","Temperos","http://www.magnavita.com.br/cdn/shop/files/fotoproduto-imagem_888ae94b-0b91-4ff0-a9ed-f0d8232a4517.jpg?v=1733804755","false","246","[]",,"{}","true"
"393","Ginkgo Biloba","Folhas desidratadas de Ginkgo biloba, tradicionalmente utilizadas no preparo de infusões. Produto apresentado em folhas secas para preparo de chá.","9.5","","false","Cantinho Bom","100","g","Chás","https://cdn.awsli.com.br/800x800/2306/2306871/produto/155531099/imagem-loja-integrada--42--iu4163m9rr.png","false","232","[]",,"{}","true"
"394","Guaco","Folhas desidratadas de guaco, tradicionalmente utilizadas no preparo de infusões. Produto apresentado em folhas secas para preparo de chá.","9.5","","false","Cantinho Bom","100","g","Chás","assets/img/produtos/sem-foto/394-guaco.jpg","false","234","[]",,"{}","true"
"395","Chá Verde","Folhas de chá verde provenientes da Camellia sinensis, utilizadas para o preparo de infusão quente ou gelada. Possui sabor característico e aroma vegetal.","9.5","","false","Cantinho Bom","100","g","Chás","http://www.nacaoverde.com.br/cdn/shop/files/e44f7d8771cf99c7757a897fe7ede49a.webp?v=1776257857","false","221","[]",,"{}","true"
"396","Alho Frito Granulado","Alho frito granulado para uso culinário.","7.9","","false",,"100","g","Temperos","assets/img/produtos/produto-396.jpg","false","103","[""alho frito"",""alho granulado""]",,"{}","true"
"397","Hortelã","Folhas de hortelã desidratadas para preparo de infusão.","9.5","","false",,"100","g","Chás","assets/img/produtos/hortela.jpg","false","447","[""hortela"",""hortelã folha""]",,"{}","true"
"398","Erva Doce","Erva-doce em sementes para preparo de infusão e uso culinário.","7.9","","false",,"100","g","Chás","https://www.estacaodosgraos.com.br/media/catalog/product/e/r/erva_doce.jpg","false","226","[""erva doce"",""erva-doce"",""anis""]",,"{}","true"
"399","Hibisco","Hibisco desidratado para preparo de infusão.","9.9","","false",,"100","g","Chás","assets/img/produtos/produto-399.jpg","false","236","[""hibisco"",""chá de hibisco""]",,"{}","true"
"400","Capim Limão","Capim-limão desidratado para preparo de infusão.","9.5","","false",,"100","g","Chás","assets/img/produtos/capim-limao.jpg","false","113","[""capim limão"",""capim-limao"",""lemongrass""]",,"{}","true"
"401","Camomila Flor","Flores de camomila desidratadas para preparo de infusão.","9.6","","false",,"100","g","Chás","assets/img/produtos/camomila-flor.jpg","false","214","[""camomila"",""camomila flor""]",,"{}","true"
"402","Folha de Maracujá","Folhas de maracujá desidratadas para preparo de infusão.","9.5","","false",,"100","g","Chás","assets/img/produtos/folha-de-maracuja.jpg","false","603","[""folha de maracuja"",""folhas de maracujá"",""passiflora""]",,"{}","true"
"403","Melissa","Melissa officinalis desidratada para preparo de infusão.","14.9","","false",,"100","g","Chás","assets/img/produtos/melissa.jpg","false","240","[""melissa"",""melissa officinalis"",""erva cidreira""]",,"{}","true"
"404","Chá Sene","Folhas de sene para preparo de infusão.","9.5","","false",,"100","g","Chás","assets/img/produtos/cha-sene.jpg","false","146","[""sene"",""chá de sene"",""senna alexandrina""]",,"{}","true"
"405","Espinheira Santa","Espinheira Santa em folhas secas para preparo de chá ou infusão.","8.9","","false",,"100","g","Chás","assets/img/produtos/produto-405.jpg","false","327","[""espinheira santa"",""espinheira-santa""]","https://www.armazemsaudavel.com.br/produtos-a-granel/chas/espinheira-santa-100g","{}","true"
"406","Ervilha Verde Partida","Ervilha verde partida para preparo de sopas, saladas e acompanhamentos.","1.69","","false",,"100","g","Granel","assets/img/produtos/produto-406.webp","false","163","[""ervilha partida"",""ervilha verde partida""]","https://jbjingredientes.com.br/produtos/ervilha-partida-canadense/","{""tipo"":""peso"",""unidadeBase"":""g"",""quantidadeBase"":100,""precoBase"":1.69}","true"
"407","Lentilha Canadense","Lentilha canadense para preparo de sopas, saladas e acompanhamentos.","3.7","","false",,"100","g","Granel","assets/img/produtos/produto-407.jpg","false","363","[""lentilha canadense""]","https://www.magnavita.com.br/products/lentilha-canadense-100g","{""tipo"":""peso"",""unidadeBase"":""g"",""quantidadeBase"":100,""precoBase"":3.7}","true"
"408","Grão de Bico","Grão de bico para preparo de saladas, sopas, homus e diversas receitas.","3.5","","false",,"100","g","Granel","assets/img/produtos/bloco6/grao-de-bico.jpg","false","361","[""grao de bico"",""grão de bico""]","https://loja.emporiorufino.com.br/grao-de-bico-100g-a-granel","{""tipo"":""peso"",""unidadeBase"":""g"",""quantidadeBase"":100,""precoBase"":3.5}","true"
"409","Proteína de Soja Clara","Proteína texturizada de soja clara para preparo de receitas e substituição de carne.","3.5","","false",,"100","g","Granel","assets/img/produtos/produto-409.jpg","false","252","[""proteina de soja clara"",""proteína de soja clara"",""proteína texturizada de soja clara"",""pts clara""]","https://www.banca13.com.br/produtos-naturais/produtos-a-granel/proteina-texturizada/proteina-texturizada-de-soja-clara-100g","{""tipo"":""peso"",""unidadeBase"":""g"",""quantidadeBase"":100,""precoBase"":3.5}","true"
"410","Proteína de Soja Escura","Proteína texturizada de soja escura para preparo de receitas e substituição de carne.","3.5","","false",,"100","g","Granel","assets/img/produtos/produto-410.jpg","false","254","[""proteina de soja escura"",""proteína de soja escura"",""proteína texturizada de soja escura"",""pts escura""]","https://www.banca13.com.br/produtos-naturais/produtos-a-granel/proteina-texturizada/proteina-texturizada-de-soja-escura-100g","{""tipo"":""peso"",""unidadeBase"":""g"",""quantidadeBase"":100,""precoBase"":3.5}","true"
"411","Bacon de Soja","Bacon de soja em flocos para preparo de receitas e pratos vegetarianos.","6.6","","false",,"100","g","Granel","assets/img/produtos/produto-411.jpg","false","145","[""bacon de soja"",""bacon de soja em flocos"",""pts sabor bacon""]","https://www.charkprodutosnaturais.com.br/bacon-de-soja-granel","{""tipo"":""peso"",""unidadeBase"":""g"",""quantidadeBase"":100,""precoBase"":6.6}","true"
"412","Feijão Preto","Feijão preto para preparo de refeições, caldos e acompanhamentos.","1.2","","false",,"100","g","Granel","assets/img/produtos/bloco1/feijao-preto.jpg","false","512","[""feijao preto"",""feijão preto""]","https://loja.emporiorufino.com.br/feijao-preto-100g-a-granel","{""tipo"":""peso"",""unidadeBase"":""g"",""quantidadeBase"":100,""precoBase"":1.2}","true"
"413","Feijão Branco","Feijão branco para preparo de sopas, saladas, ensopados e acompanhamentos.","2.5","","false",,"100","g","Granel","assets/img/produtos/bloco1/feijao-branco.jpg","false","104","[""feijao branco"",""feijão branco""]","https://loja.emporiorufino.com.br/feijao-branco-100g-a-granel","{""tipo"":""peso"",""unidadeBase"":""g"",""quantidadeBase"":100,""precoBase"":2.5}","true"
"414","Feijão Fradinho","Feijão branco para preparo de sopas, saladas, ensopados e acompanhamentos.","1.5","","false",,"100g","g","Granel","assets/img/produtos/sem-foto/414-feijao-fradinho.jpg","false","110","[""feijao branco"",""feijão branco""]","https://loja.emporiorufino.com.br/feijao-branco-100g-a-granel","{""tipo"":""peso"",""unidadeBase"":""g"",""quantidadeBase"":100,""precoBase"":1.5}","true"
"415","Milho Mostarda e Mel","Feijão branco para preparo de sopas, saladas, ensopados e acompanhamentos.","8.5","","false",,"100g","g","Granel","assets/img/produtos/sem-foto/415-milho-mostarda-mel.jpg","false","157","[""feijao branco"",""feijão branco""]","https://loja.emporiorufino.com.br/feijao-branco-100g-a-granel","{""tipo"":""peso"",""unidadeBase"":""g"",""quantidadeBase"":100,""precoBase"":8.5}","true"
"416","Ervilha c/ Wasabi","Feijão branco para preparo de sopas, saladas, ensopados e acompanhamentos.","6.9","","false",,"100g","g","Granel","assets/img/produtos/sem-foto/416-ervilha-wasabi.webp","false","793","[""feijao branco"",""feijão branco""]","https://loja.emporiorufino.com.br/feijao-branco-100g-a-granel","{""tipo"":""peso"",""unidadeBase"":""g"",""quantidadeBase"":100,""precoBase"":6.9}","true"
"417","Amendoim com Sal e com Pele","Feijão branco para preparo de sopas, saladas, ensopados e acompanhamentos.","3","","false",,"100g","g","Granel","assets/img/produtos/sem-foto/417-amendoim-sal-pele.jpg","false","22","[""feijao branco"",""feijão branco""]","https://loja.emporiorufino.com.br/feijao-branco-100g-a-granel","{""tipo"":""peso"",""unidadeBase"":""g"",""quantidadeBase"":100,""precoBase"":3}","true"
"418","Amendoim Cru c/ Pele","Feijão branco para preparo de sopas, saladas, ensopados e acompanhamentos.","2.9","","false",,"100g","g","Granel","assets/img/produtos/sem-foto/418-amendoim-cru-pele.png","false","1091","[""feijao branco"",""feijão branco""]","https://loja.emporiorufino.com.br/feijao-branco-100g-a-granel","{""tipo"":""peso"",""unidadeBase"":""g"",""quantidadeBase"":100,""precoBase"":2.9}","true"
"419","Amendoim com Sal","Feijão branco para preparo de sopas, saladas, ensopados e acompanhamentos.","3.1","","false",,"100g","g","Granel","assets/img/produtos/sem-foto/419-amendoim-com-sal.jpg","false","23","[""feijao branco"",""feijão branco""]","https://loja.emporiorufino.com.br/feijao-branco-100g-a-granel","{""tipo"":""peso"",""unidadeBase"":""g"",""quantidadeBase"":100,""precoBase"":3.1}","true"
"420","Amendoim Sem Sal","Feijão branco para preparo de sopas, saladas, ensopados e acompanhamentos.","3.1","","false",,"100g","g","Granel","assets/img/produtos/sem-foto/420-amendoim-sem-sal.jpg","false","21","[""feijao branco"",""feijão branco""]","https://loja.emporiorufino.com.br/feijao-branco-100g-a-granel","{""tipo"":""peso"",""unidadeBase"":""g"",""quantidadeBase"":100,""precoBase"":3.1}","true"
"421","Amêndoa Defumada","Feijão branco para preparo de sopas, saladas, ensopados e acompanhamentos.","12.9","","false",,"100g","g","Granel","assets/img/produtos/sem-foto/421-amendoa-defumada.jpg","false","10","[""feijao branco"",""feijão branco""]","https://loja.emporiorufino.com.br/feijao-branco-100g-a-granel","{""tipo"":""peso"",""unidadeBase"":""g"",""quantidadeBase"":100,""precoBase"":12.9}","true"
"422","Amêndoa Torrada c/ Sal","Feijão branco para preparo de sopas, saladas, ensopados e acompanhamentos.","13","","false",,"100g","g","Granel","assets/img/produtos/sem-foto/422-amendoa-torrada-sal.png","false","15","[""feijao branco"",""feijão branco""]","https://loja.emporiorufino.com.br/feijao-branco-100g-a-granel","{""tipo"":""peso"",""unidadeBase"":""g"",""quantidadeBase"":100,""precoBase"":13}","true"
"423","Amêndoa Torrada s/ Sal","Feijão branco para preparo de sopas, saladas, ensopados e acompanhamentos.","12.9","","false",,"100g","g","Granel","assets/img/produtos/sem-foto/423-amendoa-torrada-sem-sal.png","false","112","[""feijao branco"",""feijão branco""]","https://loja.emporiorufino.com.br/feijao-branco-100g-a-granel","{""tipo"":""peso"",""unidadeBase"":""g"",""quantidadeBase"":100,""precoBase"":12.9}","true"
"424","Protein Booster Abacaxi e Hortelã","Suplemento alimentar líquido com 20 g de proteínas, coenzima Q10, BCAA e zero açúcares.","14.5","","false","Moving","310 ml","1 unidade","Bebidas","assets/img/produtos/lote01/03-moving-protein-booster-abacaxi-hortela.jpeg","false",,"[]",,"{}","true"
"425","Protein Booster Morango e Acerola","Suplemento alimentar líquido com 20 g de proteínas, coenzima Q10, BCAA e zero açúcares.","14.5","","false","Moving","310 ml","1 unidade","Bebidas","assets/img/produtos/lote01/04-moving-protein-booster-morango-acerola.jpeg","false",,"[]",,"{}","true"
"426","Frisante de Kombucha de Limão Siciliano e Hortelã","Kombucha fermentada, natural, sem glúten e não pasteurizada.","59.9","","false","Podkomba","750 ml","1 garrafa","Bebidas","assets/img/produtos/lote01/05-podkomba-kombucha-limao-siciliano-hortela.jpeg","true",,"[]",,"{}","true"
"427","Frisante de Kombucha de Uva Branca","Kombucha fermentada, natural, sem glúten e não pasteurizada.","59.9","","false","Podkomba","750 ml","1 garrafa","Bebidas","assets/img/produtos/lote01/06-podkomba-kombucha-uva-branca.jpeg","true",,"[]",,"{}","true"
"428","Água de Coco Integral","Água de coco integral sem adição de açúcares.","","","false","Campo Largo","250 ml","1 unidade","Bebidas","assets/img/produtos/lote01/07-campo-largo-agua-de-coco-250ml.jpeg","false",,"[]",,"{}","true"
"429","Suco de Uva Tinto","Suco de uva tinto 100% suco de uva.","","","false","Campo Largo","250 ml","1 unidade","Bebidas","assets/img/produtos/lote01/08-campo-largo-suco-de-uva-250ml.jpeg","false",,"[]",,"{}","true"
"430","Doce de Leite com Chocolate sabor Pão de Mel","Doce de leite com chocolate sabor pão de mel.","","","false","A Confeiteria","150 g","1 unidade","Doces","assets/img/produtos/lote01/09-a-confeiteria-doce-de-leite-chocolate-pao-de-mel-150g.jpeg","false",,"[]",,"{}","true"
"431","Goiabinha","Doce de goiaba em formato de goiabinha.","","","false","A Confeiteria","150 g","1 unidade","Doces","assets/img/produtos/lote01/10-a-confeiteria-goiabinha-150g.jpeg","false",,"[]",,"{}","true"